-- phpMyAdmin SQL Dump
-- version 5.0.2
-- https://www.phpmyadmin.net/
--
-- Host: 127.0.0.1
-- Generation Time: Jun 01, 2020 at 11:26 AM
-- Server version: 10.4.11-MariaDB
-- PHP Version: 7.4.5

SET SQL_MODE = "NO_AUTO_VALUE_ON_ZERO";
START TRANSACTION;
SET time_zone = "+00:00";


/*!40101 SET @OLD_CHARACTER_SET_CLIENT=@@CHARACTER_SET_CLIENT */;
/*!40101 SET @OLD_CHARACTER_SET_RESULTS=@@CHARACTER_SET_RESULTS */;
/*!40101 SET @OLD_COLLATION_CONNECTION=@@COLLATION_CONNECTION */;
/*!40101 SET NAMES utf8mb4 */;

--
-- Database: `social_media`
--

-- --------------------------------------------------------

--
-- Table structure for table `accounts_comment`
--

CREATE TABLE `accounts_comment` (
  `id` int(11) NOT NULL,
  `comment` longtext NOT NULL,
  `timestamp` datetime(6) NOT NULL,
  `post_id` int(11) NOT NULL,
  `user_id` int(11) NOT NULL
) ENGINE=InnoDB DEFAULT CHARSET=latin1;

--
-- Dumping data for table `accounts_comment`
--

INSERT INTO `accounts_comment` (`id`, `comment`, `timestamp`, `post_id`, `user_id`) VALUES
(1, 'This is My first Comment.', '2020-05-04 09:04:30.785054', 6, 5),
(2, 'This is my second comment from another user.', '2020-05-06 15:41:05.599961', 6, 2),
(3, 'This is my third comment', '2020-05-06 15:57:10.402074', 6, 2),
(4, 'This is my Fouth comment', '2020-05-07 07:10:22.544257', 6, 1),
(5, 'This is my Fouth comment', '2020-05-07 07:10:58.765197', 6, 1),
(6, '6th Comment', '2020-05-07 07:11:54.237325', 6, 1),
(7, 'hi', '2020-05-07 07:15:13.631270', 2, 1),
(8, 'hi', '2020-05-07 07:52:40.943724', 3, 1);

-- --------------------------------------------------------

--
-- Table structure for table `accounts_post`
--

CREATE TABLE `accounts_post` (
  `id` int(11) NOT NULL,
  `title` varchar(200) NOT NULL,
  `content` longtext NOT NULL,
  `date_posted` datetime(6) NOT NULL,
  `author_id` int(11) NOT NULL,
  `image` varchar(100) NOT NULL,
  `file` varchar(100) NOT NULL
) ENGINE=InnoDB DEFAULT CHARSET=latin1;

--
-- Dumping data for table `accounts_post`
--

INSERT INTO `accounts_post` (`id`, `title`, `content`, `date_posted`, `author_id`, `image`, `file`) VALUES
(1, 'Test_Post', 'This is random post, just for Testing Purpose', '2020-05-01 14:59:54.000000', 1, 'post_pics/laptop.jpg', ''),
(2, 'Another One', 'Test Post from Different user', '2020-05-01 15:31:26.000000', 3, 'post_pics/default.jpg', ''),
(3, 'Again', 'testing Again', '2020-05-01 16:21:16.000000', 5, '', ''),
(4, 'Blog post', 'my post', '2020-05-02 07:37:04.467131', 1, '', ''),
(6, 'Lets Check Again', 'Checking Again', '2020-05-04 08:34:11.618714', 1, '', ''),
(9, 'video Post', 'test for Video Post', '2020-05-17 11:54:16.611505', 1, '', 'post_videos/VID_20200517_161329.mp4');

-- --------------------------------------------------------

--
-- Table structure for table `accounts_post_likes`
--

CREATE TABLE `accounts_post_likes` (
  `id` int(11) NOT NULL,
  `post_id` int(11) NOT NULL,
  `user_id` int(11) NOT NULL
) ENGINE=InnoDB DEFAULT CHARSET=latin1;

--
-- Dumping data for table `accounts_post_likes`
--

INSERT INTO `accounts_post_likes` (`id`, `post_id`, `user_id`) VALUES
(26, 4, 1);

-- --------------------------------------------------------

--
-- Table structure for table `auth_group`
--

CREATE TABLE `auth_group` (
  `id` int(11) NOT NULL,
  `name` varchar(150) NOT NULL
) ENGINE=InnoDB DEFAULT CHARSET=latin1;

-- --------------------------------------------------------

--
-- Table structure for table `auth_group_permissions`
--

CREATE TABLE `auth_group_permissions` (
  `id` int(11) NOT NULL,
  `group_id` int(11) NOT NULL,
  `permission_id` int(11) NOT NULL
) ENGINE=InnoDB DEFAULT CHARSET=latin1;

-- --------------------------------------------------------

--
-- Table structure for table `auth_permission`
--

CREATE TABLE `auth_permission` (
  `id` int(11) NOT NULL,
  `name` varchar(255) NOT NULL,
  `content_type_id` int(11) NOT NULL,
  `codename` varchar(100) NOT NULL
) ENGINE=InnoDB DEFAULT CHARSET=latin1;

--
-- Dumping data for table `auth_permission`
--

INSERT INTO `auth_permission` (`id`, `name`, `content_type_id`, `codename`) VALUES
(1, 'Can add log entry', 1, 'add_logentry'),
(2, 'Can change log entry', 1, 'change_logentry'),
(3, 'Can delete log entry', 1, 'delete_logentry'),
(4, 'Can view log entry', 1, 'view_logentry'),
(5, 'Can add permission', 2, 'add_permission'),
(6, 'Can change permission', 2, 'change_permission'),
(7, 'Can delete permission', 2, 'delete_permission'),
(8, 'Can view permission', 2, 'view_permission'),
(9, 'Can add group', 3, 'add_group'),
(10, 'Can change group', 3, 'change_group'),
(11, 'Can delete group', 3, 'delete_group'),
(12, 'Can view group', 3, 'view_group'),
(13, 'Can add user', 4, 'add_user'),
(14, 'Can change user', 4, 'change_user'),
(15, 'Can delete user', 4, 'delete_user'),
(16, 'Can view user', 4, 'view_user'),
(17, 'Can add content type', 5, 'add_contenttype'),
(18, 'Can change content type', 5, 'change_contenttype'),
(19, 'Can delete content type', 5, 'delete_contenttype'),
(20, 'Can view content type', 5, 'view_contenttype'),
(21, 'Can add session', 6, 'add_session'),
(22, 'Can change session', 6, 'change_session'),
(23, 'Can delete session', 6, 'delete_session'),
(24, 'Can view session', 6, 'view_session'),
(25, 'Can add user_table', 7, 'add_user_table'),
(26, 'Can change user_table', 7, 'change_user_table'),
(27, 'Can delete user_table', 7, 'delete_user_table'),
(28, 'Can view user_table', 7, 'view_user_table'),
(29, 'Can add profile', 8, 'add_profile'),
(30, 'Can change profile', 8, 'change_profile'),
(31, 'Can delete profile', 8, 'delete_profile'),
(32, 'Can view profile', 8, 'view_profile'),
(33, 'Can add post', 9, 'add_post'),
(34, 'Can change post', 9, 'change_post'),
(35, 'Can delete post', 9, 'delete_post'),
(36, 'Can view post', 9, 'view_post'),
(37, 'Can add comment', 10, 'add_comment'),
(38, 'Can change comment', 10, 'change_comment'),
(39, 'Can delete comment', 10, 'delete_comment'),
(40, 'Can view comment', 10, 'view_comment');

-- --------------------------------------------------------

--
-- Table structure for table `auth_user`
--

CREATE TABLE `auth_user` (
  `id` int(11) NOT NULL,
  `password` varchar(128) NOT NULL,
  `last_login` datetime(6) DEFAULT NULL,
  `is_superuser` tinyint(1) NOT NULL,
  `username` varchar(150) NOT NULL,
  `first_name` varchar(30) NOT NULL,
  `last_name` varchar(150) NOT NULL,
  `email` varchar(254) NOT NULL,
  `is_staff` tinyint(1) NOT NULL,
  `is_active` tinyint(1) NOT NULL,
  `date_joined` datetime(6) NOT NULL
) ENGINE=InnoDB DEFAULT CHARSET=latin1;

--
-- Dumping data for table `auth_user`
--

INSERT INTO `auth_user` (`id`, `password`, `last_login`, `is_superuser`, `username`, `first_name`, `last_name`, `email`, `is_staff`, `is_active`, `date_joined`) VALUES
(1, 'pbkdf2_sha256$180000$ZoW9XSQSX3c6$6UMVM+4c3nct+W/3kxnntPQyGL3sxya1lFHIwchti5M=', '2020-05-30 09:43:28.929987', 1, 'aman', '', '', 'amananand972@gmail.com', 1, 1, '2020-04-28 08:56:53.421309'),
(2, 'pbkdf2_sha256$180000$rv6ravLhhifx$mT2P0Z25GFmHzKqo2wqXnmA6FwRLuQFekXCzO8jh/F0=', '2020-04-28 17:12:30.956656', 0, 'newuser', '', '', '', 0, 1, '2020-04-28 14:30:41.744647'),
(3, 'pbkdf2_sha256$180000$B6N1HiKvEpTz$tc2VofkxQgYKqf9xnOHIMtqRtCU4LnLJYGxNz8E0edI=', '2020-04-28 17:16:04.363797', 0, 'New2', '', '', 'nu2@gmail.com', 0, 1, '2020-04-28 16:04:18.225232'),
(4, 'pbkdf2_sha256$180000$swR6jCgpmmbg$OfzDpYb8VTOIXGDut+wpLH6eDwnC1YIoQkXUiyOERMw=', NULL, 0, 'newuserphp', '', '', 'testing@gmail.com', 0, 1, '2020-04-28 17:58:10.778416'),
(5, 'pbkdf2_sha256$180000$FTeqNtY10nQE$Hw4NvnkkZ9gMDCVTxpO0/s3M32iyBn3zShYB6BJkTPg=', '2020-05-07 07:53:15.626494', 0, 'aman1', '', '', 'aman@gmail.com', 0, 1, '2020-04-29 13:30:26.308714'),
(6, 'pbkdf2_sha256$180000$uxk3QJPOLilP$JPgjQ4RA/9lHs08s8EII+me01WZh+X7ViB/kmTS9w8A=', '2020-04-30 10:42:21.666511', 0, 'am', '', '', 'am@gmail.com', 0, 1, '2020-04-30 10:40:34.236911'),
(7, 'pbkdf2_sha256$180000$KKLst40jPHvY$JOyZkCVztZAfMLfgJporUTsr6D+Z/VsycY2uPJQSUls=', '2020-04-30 11:13:32.348026', 0, 'newuser3', '', '', 'nu3@gmail.com', 0, 1, '2020-04-30 11:13:10.183502'),
(8, 'pbkdf2_sha256$180000$sZlZfsffhTtR$FA8PZpC6B2BD2Mr6cCfGKYqZq7rvG0gbr59bFRcgP/Y=', NULL, 0, 'aman3', '', '', 'aman972@gmail.com', 0, 1, '2020-05-01 07:27:04.533716'),
(12, 'pbkdf2_sha256$180000$BXBmUFK6Y2ey$TvAkDLgMnmnlvF4GNC4hUXxZXuBK892VXiOsq1nQ0Z8=', '2020-05-01 15:33:18.521431', 0, 'newuser4', '', '', 'nu4@gmail.com', 0, 1, '2020-05-01 07:49:07.240718'),
(14, 'pbkdf2_sha256$180000$HKsL4MAcYYdX$I00HapE1jvx4Jh6QHmLxqcyCLb5BehWgK+PAzxupQck=', NULL, 0, 'newuser6', '', '', 'nu6@gmail.com', 0, 1, '2020-05-01 08:12:41.053502'),
(15, 'pbkdf2_sha256$180000$WpQGirrjKeZ6$JvrjjzQ0051YPidKOZKKFsAePDi5+vDHQzsGTqC2FN8=', '2020-05-01 15:36:03.063934', 0, 'test_user', '', '', 'testuser@gmail.com', 0, 1, '2020-05-01 15:35:48.523680'),
(16, 'pbkdf2_sha256$180000$usfrnjjQNgzn$bgiO13o2CaZsorLTwkv7FrNh/6Eip9fO8Zr3qCC4yRg=', NULL, 0, 'User_test', '', '', 'Testinguser@gmail.com', 0, 1, '2020-05-29 05:14:37.803706'),
(17, '', NULL, 0, 'aman_user', '', '', 'aman_user@gmail.com', 0, 1, '2020-05-29 05:59:00.628690'),
(18, 'pbkdf2_sha256$180000$dHbSiX6Ovv8L$7w7JJzg6HIiDGoUND/nJri8pkVBYbJbegDYQuvbiMCQ=', NULL, 0, 'root', '', '', 'root@gmail.com', 0, 1, '2020-05-29 07:13:17.989446'),
(19, 'pbkdf2_sha256$180000$OKzoMUI8uWmU$+hPmr57xRjmqQkn4Sm5BA5CwulP4JuNB17hx8Evf1qE=', NULL, 0, 'toor', '', '', 'toor@gmail.com', 0, 1, '2020-05-29 07:19:39.399254');

-- --------------------------------------------------------

--
-- Table structure for table `auth_user_groups`
--

CREATE TABLE `auth_user_groups` (
  `id` int(11) NOT NULL,
  `user_id` int(11) NOT NULL,
  `group_id` int(11) NOT NULL
) ENGINE=InnoDB DEFAULT CHARSET=latin1;

-- --------------------------------------------------------

--
-- Table structure for table `auth_user_user_permissions`
--

CREATE TABLE `auth_user_user_permissions` (
  `id` int(11) NOT NULL,
  `user_id` int(11) NOT NULL,
  `permission_id` int(11) NOT NULL
) ENGINE=InnoDB DEFAULT CHARSET=latin1;

-- --------------------------------------------------------

--
-- Table structure for table `django_admin_log`
--

CREATE TABLE `django_admin_log` (
  `id` int(11) NOT NULL,
  `action_time` datetime(6) NOT NULL,
  `object_id` longtext DEFAULT NULL,
  `object_repr` varchar(200) NOT NULL,
  `action_flag` smallint(5) UNSIGNED NOT NULL CHECK (`action_flag` >= 0),
  `change_message` longtext NOT NULL,
  `content_type_id` int(11) DEFAULT NULL,
  `user_id` int(11) NOT NULL
) ENGINE=InnoDB DEFAULT CHARSET=latin1;

--
-- Dumping data for table `django_admin_log`
--

INSERT INTO `django_admin_log` (`id`, `action_time`, `object_id`, `object_repr`, `action_flag`, `change_message`, `content_type_id`, `user_id`) VALUES
(1, '2020-04-30 07:55:16.852684', '1', 'aman Profile', 1, '[{\"added\": {}}]', 8, 1),
(2, '2020-04-30 08:03:15.804853', '1', 'aman Profile', 3, '', 8, 1),
(3, '2020-04-30 08:04:49.333911', '2', 'aman Profile', 1, '[{\"added\": {}}]', 8, 1),
(4, '2020-04-30 10:39:00.157405', '3', 'aman1 Profile', 1, '[{\"added\": {}}]', 8, 1),
(5, '2020-04-30 10:42:01.739113', '4', 'am Profile', 1, '[{\"added\": {}}]', 8, 1),
(6, '2020-05-01 15:01:39.660169', '1', 'Test_Post', 1, '[{\"added\": {}}]', 9, 1),
(7, '2020-05-01 15:32:36.453125', '2', 'Another One', 1, '[{\"added\": {}}]', 9, 1),
(8, '2020-05-01 15:34:51.751047', '2', 'Another One', 2, '[{\"changed\": {\"fields\": [\"Author\"]}}]', 9, 1),
(9, '2020-05-01 16:21:40.604558', '3', 'Again', 1, '[{\"added\": {}}]', 9, 1),
(10, '2020-05-04 09:04:30.799210', '1', 'Lets Check Again - aman1', 1, '[{\"added\": {}}]', 10, 1),
(11, '2020-05-06 15:41:05.599961', '2', 'This is my second comment from another user., newuser', 1, '[{\"added\": {}}]', 10, 1),
(12, '2020-05-06 15:57:10.402074', '3', 'This is my third comment, newuser', 1, '[{\"added\": {}}]', 10, 1);

-- --------------------------------------------------------

--
-- Table structure for table `django_content_type`
--

CREATE TABLE `django_content_type` (
  `id` int(11) NOT NULL,
  `app_label` varchar(100) NOT NULL,
  `model` varchar(100) NOT NULL
) ENGINE=InnoDB DEFAULT CHARSET=latin1;

--
-- Dumping data for table `django_content_type`
--

INSERT INTO `django_content_type` (`id`, `app_label`, `model`) VALUES
(10, 'accounts', 'comment'),
(9, 'accounts', 'post'),
(1, 'admin', 'logentry'),
(3, 'auth', 'group'),
(2, 'auth', 'permission'),
(4, 'auth', 'user'),
(5, 'contenttypes', 'contenttype'),
(6, 'sessions', 'session'),
(8, 'users', 'profile'),
(7, 'users', 'user_table');

-- --------------------------------------------------------

--
-- Table structure for table `django_migrations`
--

CREATE TABLE `django_migrations` (
  `id` int(11) NOT NULL,
  `app` varchar(255) NOT NULL,
  `name` varchar(255) NOT NULL,
  `applied` datetime(6) NOT NULL
) ENGINE=InnoDB DEFAULT CHARSET=latin1;

--
-- Dumping data for table `django_migrations`
--

INSERT INTO `django_migrations` (`id`, `app`, `name`, `applied`) VALUES
(1, 'contenttypes', '0001_initial', '2020-04-28 06:38:21.975499'),
(2, 'auth', '0001_initial', '2020-04-28 06:38:22.160471'),
(3, 'admin', '0001_initial', '2020-04-28 06:38:22.630705'),
(4, 'admin', '0002_logentry_remove_auto_add', '2020-04-28 06:38:22.746639'),
(5, 'admin', '0003_logentry_add_action_flag_choices', '2020-04-28 06:38:22.762268'),
(6, 'contenttypes', '0002_remove_content_type_name', '2020-04-28 06:38:22.846947'),
(7, 'auth', '0002_alter_permission_name_max_length', '2020-04-28 06:38:22.878209'),
(8, 'auth', '0003_alter_user_email_max_length', '2020-04-28 06:38:22.909506'),
(9, 'auth', '0004_alter_user_username_opts', '2020-04-28 06:38:22.931609'),
(10, 'auth', '0005_alter_user_last_login_null', '2020-04-28 06:38:22.994134'),
(11, 'auth', '0006_require_contenttypes_0002', '2020-04-28 06:38:22.994134'),
(12, 'auth', '0007_alter_validators_add_error_messages', '2020-04-28 06:38:23.009764'),
(13, 'auth', '0008_alter_user_username_max_length', '2020-04-28 06:38:23.047550'),
(14, 'auth', '0009_alter_user_last_name_max_length', '2020-04-28 06:38:23.078808'),
(15, 'auth', '0010_alter_group_name_max_length', '2020-04-28 06:38:23.110067'),
(16, 'auth', '0011_update_proxy_permissions', '2020-04-28 06:38:23.132214'),
(17, 'sessions', '0001_initial', '2020-04-28 06:38:23.163482'),
(18, 'users', '0001_initial', '2020-04-28 17:55:52.470695'),
(19, 'users', '0002_auto_20200430_1315', '2020-04-30 07:45:49.453810'),
(20, 'accounts', '0001_initial', '2020-05-01 09:36:08.957160'),
(21, 'accounts', '0002_remove_post_image', '2020-05-01 09:36:09.047120'),
(22, 'users', '0003_auto_20200501_1503', '2020-05-01 09:36:09.067701'),
(23, 'accounts', '0003_post_image', '2020-05-01 14:50:49.107062'),
(24, 'accounts', '0004_comment', '2020-05-04 08:47:32.458790'),
(25, 'accounts', '0005_post_likes', '2020-05-14 16:00:51.255885'),
(26, 'accounts', '0006_post_file', '2020-05-17 10:54:30.735246'),
(27, 'accounts', '0007_auto_20200517_1644', '2020-05-17 11:14:21.201530');

-- --------------------------------------------------------

--
-- Table structure for table `django_session`
--

CREATE TABLE `django_session` (
  `session_key` varchar(40) NOT NULL,
  `session_data` longtext NOT NULL,
  `expire_date` datetime(6) NOT NULL
) ENGINE=InnoDB DEFAULT CHARSET=latin1;

--
-- Dumping data for table `django_session`
--

INSERT INTO `django_session` (`session_key`, `session_data`, `expire_date`) VALUES
('01y6jkgrzdfnmp0ta1ojchzasqr9zebn', 'MmNlYzBiOWQ2OWEwY2E5MmI1OThiZjg0NTE3NzgyYjRkZDY0NzA1ODp7Il9hdXRoX3VzZXJfaWQiOiIxIiwiX2F1dGhfdXNlcl9iYWNrZW5kIjoiZGphbmdvLmNvbnRyaWIuYXV0aC5iYWNrZW5kcy5Nb2RlbEJhY2tlbmQiLCJfYXV0aF91c2VyX2hhc2giOiI3N2JkMmIyOTg1ZTI2MDY1NzI2MzI4ZDg5ODNhNWExMGFjNTFkOGY4IiwiX3Nlc3Npb25fZXhwaXJ5IjoxMH0=', '2020-04-29 05:19:42.672775'),
('097b5h8il5wg1udvn7zkow1qs3xmxcnx', 'MmNlYzBiOWQ2OWEwY2E5MmI1OThiZjg0NTE3NzgyYjRkZDY0NzA1ODp7Il9hdXRoX3VzZXJfaWQiOiIxIiwiX2F1dGhfdXNlcl9iYWNrZW5kIjoiZGphbmdvLmNvbnRyaWIuYXV0aC5iYWNrZW5kcy5Nb2RlbEJhY2tlbmQiLCJfYXV0aF91c2VyX2hhc2giOiI3N2JkMmIyOTg1ZTI2MDY1NzI2MzI4ZDg5ODNhNWExMGFjNTFkOGY4IiwiX3Nlc3Npb25fZXhwaXJ5IjoxMH0=', '2020-04-29 12:48:01.490734'),
('0d5fl7fc4znmoj8cqafuhfrshmsvkyl2', 'YWExMGI1NzgwOTBkOGZkNjk4OTQzZjE5Y2E1YzJjMGQwY2RkNTZlOTp7Il9zZXNzaW9uX2V4cGlyeSI6MTB9', '2020-04-29 06:22:12.791126'),
('0hnay2xamomcz39mn8rqyttm7cmy2nr5', 'YWExMGI1NzgwOTBkOGZkNjk4OTQzZjE5Y2E1YzJjMGQwY2RkNTZlOTp7Il9zZXNzaW9uX2V4cGlyeSI6MTB9', '2020-04-30 07:50:06.944675'),
('14easmd49d1n8qgiovyu4i4fyszj3fgm', 'NTMzNjhhZjJjYWRiZDhlOGEwZTg3OTA5NDA2NzczM2I1ZDhmNDNhZDp7Il9zZXNzaW9uX2V4cGlyeSI6MTAsIl9hdXRoX3VzZXJfaWQiOiIxIiwiX2F1dGhfdXNlcl9iYWNrZW5kIjoiZGphbmdvLmNvbnRyaWIuYXV0aC5iYWNrZW5kcy5Nb2RlbEJhY2tlbmQiLCJfYXV0aF91c2VyX2hhc2giOiI3N2JkMmIyOTg1ZTI2MDY1NzI2MzI4ZDg5ODNhNWExMGFjNTFkOGY4In0=', '2020-04-29 12:51:32.556307'),
('1zf1h6tjur4tua4u5g3e06tohsk6v5wn', 'NDkyOGU0OWJmMTRhMzYzNmJmODk3ODJhMTY5ZWQxYTk3NjZiMDk4NDp7Il9hdXRoX3VzZXJfaWQiOiI1IiwiX2F1dGhfdXNlcl9iYWNrZW5kIjoiZGphbmdvLmNvbnRyaWIuYXV0aC5iYWNrZW5kcy5Nb2RlbEJhY2tlbmQiLCJfYXV0aF91c2VyX2hhc2giOiI0M2I5ZmNmOTUzOTY3MTU4MjkyODlmZTM0MTliNjFmYmViMGE0MDMzIiwiX3Nlc3Npb25fZXhwaXJ5IjoxMH0=', '2020-04-30 10:26:00.281035'),
('26ktchbo5rvvy1lwtwkgndbowm0u7e8f', 'NDkyOGU0OWJmMTRhMzYzNmJmODk3ODJhMTY5ZWQxYTk3NjZiMDk4NDp7Il9hdXRoX3VzZXJfaWQiOiI1IiwiX2F1dGhfdXNlcl9iYWNrZW5kIjoiZGphbmdvLmNvbnRyaWIuYXV0aC5iYWNrZW5kcy5Nb2RlbEJhY2tlbmQiLCJfYXV0aF91c2VyX2hhc2giOiI0M2I5ZmNmOTUzOTY3MTU4MjkyODlmZTM0MTliNjFmYmViMGE0MDMzIiwiX3Nlc3Npb25fZXhwaXJ5IjoxMH0=', '2020-04-30 10:35:00.857991'),
('2aeoohq4fw32ffibigypob4wp01r507u', 'YWExMGI1NzgwOTBkOGZkNjk4OTQzZjE5Y2E1YzJjMGQwY2RkNTZlOTp7Il9zZXNzaW9uX2V4cGlyeSI6MTB9', '2020-04-29 05:21:27.627076'),
('2bvo1b6v08643c9edkn9ap9jgqpdadnw', 'MmNlYzBiOWQ2OWEwY2E5MmI1OThiZjg0NTE3NzgyYjRkZDY0NzA1ODp7Il9hdXRoX3VzZXJfaWQiOiIxIiwiX2F1dGhfdXNlcl9iYWNrZW5kIjoiZGphbmdvLmNvbnRyaWIuYXV0aC5iYWNrZW5kcy5Nb2RlbEJhY2tlbmQiLCJfYXV0aF91c2VyX2hhc2giOiI3N2JkMmIyOTg1ZTI2MDY1NzI2MzI4ZDg5ODNhNWExMGFjNTFkOGY4IiwiX3Nlc3Npb25fZXhwaXJ5IjoxMH0=', '2020-04-29 12:10:12.508916'),
('2ezix4fg36a4jood8oye1pdl4hzbl9ps', 'YWExMGI1NzgwOTBkOGZkNjk4OTQzZjE5Y2E1YzJjMGQwY2RkNTZlOTp7Il9zZXNzaW9uX2V4cGlyeSI6MTB9', '2020-05-01 07:59:06.566757'),
('2gdkcrei55470tcxbnagcelqzl6rdbv6', 'MmNlYzBiOWQ2OWEwY2E5MmI1OThiZjg0NTE3NzgyYjRkZDY0NzA1ODp7Il9hdXRoX3VzZXJfaWQiOiIxIiwiX2F1dGhfdXNlcl9iYWNrZW5kIjoiZGphbmdvLmNvbnRyaWIuYXV0aC5iYWNrZW5kcy5Nb2RlbEJhY2tlbmQiLCJfYXV0aF91c2VyX2hhc2giOiI3N2JkMmIyOTg1ZTI2MDY1NzI2MzI4ZDg5ODNhNWExMGFjNTFkOGY4IiwiX3Nlc3Npb25fZXhwaXJ5IjoxMH0=', '2020-04-29 12:08:51.188860'),
('2k17qrgejbj01ct12vs1j1xvxcleqwsg', 'MmNlYzBiOWQ2OWEwY2E5MmI1OThiZjg0NTE3NzgyYjRkZDY0NzA1ODp7Il9hdXRoX3VzZXJfaWQiOiIxIiwiX2F1dGhfdXNlcl9iYWNrZW5kIjoiZGphbmdvLmNvbnRyaWIuYXV0aC5iYWNrZW5kcy5Nb2RlbEJhY2tlbmQiLCJfYXV0aF91c2VyX2hhc2giOiI3N2JkMmIyOTg1ZTI2MDY1NzI2MzI4ZDg5ODNhNWExMGFjNTFkOGY4IiwiX3Nlc3Npb25fZXhwaXJ5IjoxMH0=', '2020-04-29 05:34:09.749328'),
('2n8s30lj1tft2lppw9xtth10h69gsu2o', 'MmNlYzBiOWQ2OWEwY2E5MmI1OThiZjg0NTE3NzgyYjRkZDY0NzA1ODp7Il9hdXRoX3VzZXJfaWQiOiIxIiwiX2F1dGhfdXNlcl9iYWNrZW5kIjoiZGphbmdvLmNvbnRyaWIuYXV0aC5iYWNrZW5kcy5Nb2RlbEJhY2tlbmQiLCJfYXV0aF91c2VyX2hhc2giOiI3N2JkMmIyOTg1ZTI2MDY1NzI2MzI4ZDg5ODNhNWExMGFjNTFkOGY4IiwiX3Nlc3Npb25fZXhwaXJ5IjoxMH0=', '2020-05-01 15:41:20.038883'),
('2ra4pc17qycf8z8cesmpg1kg2fefapl3', 'YWExMGI1NzgwOTBkOGZkNjk4OTQzZjE5Y2E1YzJjMGQwY2RkNTZlOTp7Il9zZXNzaW9uX2V4cGlyeSI6MTB9', '2020-04-29 07:43:47.014301'),
('2wegsblhjlv73l7pjfzmrjhcnz5vh4f6', 'YWExMGI1NzgwOTBkOGZkNjk4OTQzZjE5Y2E1YzJjMGQwY2RkNTZlOTp7Il9zZXNzaW9uX2V4cGlyeSI6MTB9', '2020-04-29 06:11:56.067310'),
('3dk8y993ywoihoq58lljqlgwm287xx2v', 'M2Y3YTkwNzQ5ZjBjMDk5YjkzNzg4ZjNkYjVmOTBkMTZmNTNiZDE4MDp7Il9hdXRoX3VzZXJfaWQiOiIxNSIsIl9hdXRoX3VzZXJfYmFja2VuZCI6ImRqYW5nby5jb250cmliLmF1dGguYmFja2VuZHMuTW9kZWxCYWNrZW5kIiwiX2F1dGhfdXNlcl9oYXNoIjoiYzU4NGJiNDBhOTQ5Zjc2MDAxOWY0ZWQ2ZDMwNWVjMzEyYTY1MTA0NiIsIl9zZXNzaW9uX2V4cGlyeSI6MTB9', '2020-05-01 15:36:13.126352'),
('3e5ey3hj1mul2dx03oowpsbhidtwbfbu', 'MmNlYzBiOWQ2OWEwY2E5MmI1OThiZjg0NTE3NzgyYjRkZDY0NzA1ODp7Il9hdXRoX3VzZXJfaWQiOiIxIiwiX2F1dGhfdXNlcl9iYWNrZW5kIjoiZGphbmdvLmNvbnRyaWIuYXV0aC5iYWNrZW5kcy5Nb2RlbEJhY2tlbmQiLCJfYXV0aF91c2VyX2hhc2giOiI3N2JkMmIyOTg1ZTI2MDY1NzI2MzI4ZDg5ODNhNWExMGFjNTFkOGY4IiwiX3Nlc3Npb25fZXhwaXJ5IjoxMH0=', '2020-04-30 07:05:14.639346'),
('3qmbxlf9cmvy60xp65jd6nbrklr440sl', 'MmNlYzBiOWQ2OWEwY2E5MmI1OThiZjg0NTE3NzgyYjRkZDY0NzA1ODp7Il9hdXRoX3VzZXJfaWQiOiIxIiwiX2F1dGhfdXNlcl9iYWNrZW5kIjoiZGphbmdvLmNvbnRyaWIuYXV0aC5iYWNrZW5kcy5Nb2RlbEJhY2tlbmQiLCJfYXV0aF91c2VyX2hhc2giOiI3N2JkMmIyOTg1ZTI2MDY1NzI2MzI4ZDg5ODNhNWExMGFjNTFkOGY4IiwiX3Nlc3Npb25fZXhwaXJ5IjoxMH0=', '2020-05-01 15:14:26.212735'),
('3sdioftt7oouiey68hjtalooeu47udcx', 'YWExMGI1NzgwOTBkOGZkNjk4OTQzZjE5Y2E1YzJjMGQwY2RkNTZlOTp7Il9zZXNzaW9uX2V4cGlyeSI6MTB9', '2020-05-01 09:17:52.964216'),
('48mj06tlo0849s2dlwhqshpno92lnlj8', 'MmNlYzBiOWQ2OWEwY2E5MmI1OThiZjg0NTE3NzgyYjRkZDY0NzA1ODp7Il9hdXRoX3VzZXJfaWQiOiIxIiwiX2F1dGhfdXNlcl9iYWNrZW5kIjoiZGphbmdvLmNvbnRyaWIuYXV0aC5iYWNrZW5kcy5Nb2RlbEJhY2tlbmQiLCJfYXV0aF91c2VyX2hhc2giOiI3N2JkMmIyOTg1ZTI2MDY1NzI2MzI4ZDg5ODNhNWExMGFjNTFkOGY4IiwiX3Nlc3Npb25fZXhwaXJ5IjoxMH0=', '2020-04-29 12:53:17.782387'),
('49q2zp5xqn8ztue5l8q22yjv1405wbwu', 'MmNlYzBiOWQ2OWEwY2E5MmI1OThiZjg0NTE3NzgyYjRkZDY0NzA1ODp7Il9hdXRoX3VzZXJfaWQiOiIxIiwiX2F1dGhfdXNlcl9iYWNrZW5kIjoiZGphbmdvLmNvbnRyaWIuYXV0aC5iYWNrZW5kcy5Nb2RlbEJhY2tlbmQiLCJfYXV0aF91c2VyX2hhc2giOiI3N2JkMmIyOTg1ZTI2MDY1NzI2MzI4ZDg5ODNhNWExMGFjNTFkOGY4IiwiX3Nlc3Npb25fZXhwaXJ5IjoxMH0=', '2020-05-01 16:27:52.474244'),
('4flsqtpxvppndf31o9n0x0m75jqgdbeg', 'ZGU3OWI0MTAwMGI3MWE0ZjkwNDNiNDBhMmJlYzYxNjYzMTE0ODBlYTp7Il9hdXRoX3VzZXJfaWQiOiIxIiwiX2F1dGhfdXNlcl9iYWNrZW5kIjoiZGphbmdvLmNvbnRyaWIuYXV0aC5iYWNrZW5kcy5Nb2RlbEJhY2tlbmQiLCJfYXV0aF91c2VyX2hhc2giOiI3N2JkMmIyOTg1ZTI2MDY1NzI2MzI4ZDg5ODNhNWExMGFjNTFkOGY4IiwiX3Nlc3Npb25fZXhwaXJ5IjozMDB9', '2020-05-14 15:58:44.081296'),
('4i1dy6jhtj8bx9fw1htd215qfnm3gi1v', 'YWExMGI1NzgwOTBkOGZkNjk4OTQzZjE5Y2E1YzJjMGQwY2RkNTZlOTp7Il9zZXNzaW9uX2V4cGlyeSI6MTB9', '2020-05-01 15:10:58.283901'),
('4x7ld2k60d2uwm0l5cw7qwlstzcy7x2i', 'MmNlYzBiOWQ2OWEwY2E5MmI1OThiZjg0NTE3NzgyYjRkZDY0NzA1ODp7Il9hdXRoX3VzZXJfaWQiOiIxIiwiX2F1dGhfdXNlcl9iYWNrZW5kIjoiZGphbmdvLmNvbnRyaWIuYXV0aC5iYWNrZW5kcy5Nb2RlbEJhY2tlbmQiLCJfYXV0aF91c2VyX2hhc2giOiI3N2JkMmIyOTg1ZTI2MDY1NzI2MzI4ZDg5ODNhNWExMGFjNTFkOGY4IiwiX3Nlc3Npb25fZXhwaXJ5IjoxMH0=', '2020-04-29 05:23:17.351203'),
('57n82l2l0udz5r19cwk5ar9mk0993xnx', 'NTMzNjhhZjJjYWRiZDhlOGEwZTg3OTA5NDA2NzczM2I1ZDhmNDNhZDp7Il9zZXNzaW9uX2V4cGlyeSI6MTAsIl9hdXRoX3VzZXJfaWQiOiIxIiwiX2F1dGhfdXNlcl9iYWNrZW5kIjoiZGphbmdvLmNvbnRyaWIuYXV0aC5iYWNrZW5kcy5Nb2RlbEJhY2tlbmQiLCJfYXV0aF91c2VyX2hhc2giOiI3N2JkMmIyOTg1ZTI2MDY1NzI2MzI4ZDg5ODNhNWExMGFjNTFkOGY4In0=', '2020-04-30 07:22:04.339731'),
('5qz06zqlzsgg3ftbnk9ajjtd0lyagyi5', 'YWExMGI1NzgwOTBkOGZkNjk4OTQzZjE5Y2E1YzJjMGQwY2RkNTZlOTp7Il9zZXNzaW9uX2V4cGlyeSI6MTB9', '2020-04-29 07:47:15.728887'),
('5za2epraf4pas6odv4s1smbbq6zbkwbp', 'YWExMGI1NzgwOTBkOGZkNjk4OTQzZjE5Y2E1YzJjMGQwY2RkNTZlOTp7Il9zZXNzaW9uX2V4cGlyeSI6MTB9', '2020-04-29 05:33:26.798839'),
('66qetu64iitrzl7zkphvxuh7q9mkg7nh', 'MmNlYzBiOWQ2OWEwY2E5MmI1OThiZjg0NTE3NzgyYjRkZDY0NzA1ODp7Il9hdXRoX3VzZXJfaWQiOiIxIiwiX2F1dGhfdXNlcl9iYWNrZW5kIjoiZGphbmdvLmNvbnRyaWIuYXV0aC5iYWNrZW5kcy5Nb2RlbEJhY2tlbmQiLCJfYXV0aF91c2VyX2hhc2giOiI3N2JkMmIyOTg1ZTI2MDY1NzI2MzI4ZDg5ODNhNWExMGFjNTFkOGY4IiwiX3Nlc3Npb25fZXhwaXJ5IjoxMH0=', '2020-04-29 07:45:47.129413'),
('6ae8t3yhb2kephjlyiwozhs0q6r06y35', 'MmNlYzBiOWQ2OWEwY2E5MmI1OThiZjg0NTE3NzgyYjRkZDY0NzA1ODp7Il9hdXRoX3VzZXJfaWQiOiIxIiwiX2F1dGhfdXNlcl9iYWNrZW5kIjoiZGphbmdvLmNvbnRyaWIuYXV0aC5iYWNrZW5kcy5Nb2RlbEJhY2tlbmQiLCJfYXV0aF91c2VyX2hhc2giOiI3N2JkMmIyOTg1ZTI2MDY1NzI2MzI4ZDg5ODNhNWExMGFjNTFkOGY4IiwiX3Nlc3Npb25fZXhwaXJ5IjoxMH0=', '2020-04-29 07:52:21.206377'),
('6oauzchsf3c4xthpwamby2jx2vxwjvkd', 'YWExMGI1NzgwOTBkOGZkNjk4OTQzZjE5Y2E1YzJjMGQwY2RkNTZlOTp7Il9zZXNzaW9uX2V4cGlyeSI6MTB9', '2020-05-01 07:47:14.407775'),
('715d9ul69y8z8bpwnalxnto1047li5s9', 'MmNlYzBiOWQ2OWEwY2E5MmI1OThiZjg0NTE3NzgyYjRkZDY0NzA1ODp7Il9hdXRoX3VzZXJfaWQiOiIxIiwiX2F1dGhfdXNlcl9iYWNrZW5kIjoiZGphbmdvLmNvbnRyaWIuYXV0aC5iYWNrZW5kcy5Nb2RlbEJhY2tlbmQiLCJfYXV0aF91c2VyX2hhc2giOiI3N2JkMmIyOTg1ZTI2MDY1NzI2MzI4ZDg5ODNhNWExMGFjNTFkOGY4IiwiX3Nlc3Npb25fZXhwaXJ5IjoxMH0=', '2020-04-30 06:53:56.055520'),
('7mjvmqftqn5esow9vsbsvgqxncw6lcuh', 'YWExMGI1NzgwOTBkOGZkNjk4OTQzZjE5Y2E1YzJjMGQwY2RkNTZlOTp7Il9zZXNzaW9uX2V4cGlyeSI6MTB9', '2020-04-30 10:47:24.831030'),
('7v3gb37h5bfxrv04qqfx1gtlli2j7z8b', 'NTMzNjhhZjJjYWRiZDhlOGEwZTg3OTA5NDA2NzczM2I1ZDhmNDNhZDp7Il9zZXNzaW9uX2V4cGlyeSI6MTAsIl9hdXRoX3VzZXJfaWQiOiIxIiwiX2F1dGhfdXNlcl9iYWNrZW5kIjoiZGphbmdvLmNvbnRyaWIuYXV0aC5iYWNrZW5kcy5Nb2RlbEJhY2tlbmQiLCJfYXV0aF91c2VyX2hhc2giOiI3N2JkMmIyOTg1ZTI2MDY1NzI2MzI4ZDg5ODNhNWExMGFjNTFkOGY4In0=', '2020-04-29 07:18:12.667860'),
('7w37c1hekajoewd97zyw87q2j57bmn06', 'YWExMGI1NzgwOTBkOGZkNjk4OTQzZjE5Y2E1YzJjMGQwY2RkNTZlOTp7Il9zZXNzaW9uX2V4cGlyeSI6MTB9', '2020-04-30 08:15:01.291679'),
('8066g9k4spyaqupgqznx1csqbdfqqvje', 'NTMzNjhhZjJjYWRiZDhlOGEwZTg3OTA5NDA2NzczM2I1ZDhmNDNhZDp7Il9zZXNzaW9uX2V4cGlyeSI6MTAsIl9hdXRoX3VzZXJfaWQiOiIxIiwiX2F1dGhfdXNlcl9iYWNrZW5kIjoiZGphbmdvLmNvbnRyaWIuYXV0aC5iYWNrZW5kcy5Nb2RlbEJhY2tlbmQiLCJfYXV0aF91c2VyX2hhc2giOiI3N2JkMmIyOTg1ZTI2MDY1NzI2MzI4ZDg5ODNhNWExMGFjNTFkOGY4In0=', '2020-04-29 05:23:54.333509'),
('8138bzhw1ecasxvq1fnff8osfvz0kxye', 'YWExMGI1NzgwOTBkOGZkNjk4OTQzZjE5Y2E1YzJjMGQwY2RkNTZlOTp7Il9zZXNzaW9uX2V4cGlyeSI6MTB9', '2020-04-29 07:52:08.576958'),
('82edz2n9b7puk4oborklpdpz00vqf37v', 'MDFkOTdhZGY0ZGNjYTJmYzUxMmEwOGI5Y2Y2OGUyM2M1MDZiYTMwMjp7Il9hdXRoX3VzZXJfaWQiOiIxIiwiX2F1dGhfdXNlcl9iYWNrZW5kIjoiZGphbmdvLmNvbnRyaWIuYXV0aC5iYWNrZW5kcy5Nb2RlbEJhY2tlbmQiLCJfYXV0aF91c2VyX2hhc2giOiI3N2JkMmIyOTg1ZTI2MDY1NzI2MzI4ZDg5ODNhNWExMGFjNTFkOGY4In0=', '2020-05-12 18:32:26.360574'),
('8cjy9ntklgi40zezluo2b5e0smzdp2mm', 'MjUwYWQxMGI1NTg0NTY0ZTJhNzUxMjJhMDJhOGY2NmE4OWQxMWZlYTp7Il9zZXNzaW9uX2V4cGlyeSI6MzAwfQ==', '2020-05-14 17:55:59.887912'),
('8kqfxqswnxf5vded3xjyy5p4pkelzot6', 'ZGU3OWI0MTAwMGI3MWE0ZjkwNDNiNDBhMmJlYzYxNjYzMTE0ODBlYTp7Il9hdXRoX3VzZXJfaWQiOiIxIiwiX2F1dGhfdXNlcl9iYWNrZW5kIjoiZGphbmdvLmNvbnRyaWIuYXV0aC5iYWNrZW5kcy5Nb2RlbEJhY2tlbmQiLCJfYXV0aF91c2VyX2hhc2giOiI3N2JkMmIyOTg1ZTI2MDY1NzI2MzI4ZDg5ODNhNWExMGFjNTFkOGY4IiwiX3Nlc3Npb25fZXhwaXJ5IjozMDB9', '2020-05-14 15:39:32.676971'),
('8lywh3rde5paok5fcms6tgjssy5aga2d', 'YWExMGI1NzgwOTBkOGZkNjk4OTQzZjE5Y2E1YzJjMGQwY2RkNTZlOTp7Il9zZXNzaW9uX2V4cGlyeSI6MTB9', '2020-04-30 10:39:47.286901'),
('8p32s1mbqwktaeg6kc7j9ni9sqgustil', 'MmNlYzBiOWQ2OWEwY2E5MmI1OThiZjg0NTE3NzgyYjRkZDY0NzA1ODp7Il9hdXRoX3VzZXJfaWQiOiIxIiwiX2F1dGhfdXNlcl9iYWNrZW5kIjoiZGphbmdvLmNvbnRyaWIuYXV0aC5iYWNrZW5kcy5Nb2RlbEJhY2tlbmQiLCJfYXV0aF91c2VyX2hhc2giOiI3N2JkMmIyOTg1ZTI2MDY1NzI2MzI4ZDg5ODNhNWExMGFjNTFkOGY4IiwiX3Nlc3Npb25fZXhwaXJ5IjoxMH0=', '2020-05-01 15:18:39.199823'),
('91uel8xhkutgos25rukfep951efyab1r', 'ZGU3OWI0MTAwMGI3MWE0ZjkwNDNiNDBhMmJlYzYxNjYzMTE0ODBlYTp7Il9hdXRoX3VzZXJfaWQiOiIxIiwiX2F1dGhfdXNlcl9iYWNrZW5kIjoiZGphbmdvLmNvbnRyaWIuYXV0aC5iYWNrZW5kcy5Nb2RlbEJhY2tlbmQiLCJfYXV0aF91c2VyX2hhc2giOiI3N2JkMmIyOTg1ZTI2MDY1NzI2MzI4ZDg5ODNhNWExMGFjNTFkOGY4IiwiX3Nlc3Npb25fZXhwaXJ5IjozMDB9', '2020-05-14 17:01:09.733835'),
('9cogl9x99te1dq3i8o19umjvjgq5iabp', 'ZjM5ZjI1YWZjNjYxNjhhNmRjMTBkNWIyZThhYzU0MzJkZGJjMjIwNDp7Il9zZXNzaW9uX2V4cGlyeSI6MzAwLCJfYXV0aF91c2VyX2lkIjoiMSIsIl9hdXRoX3VzZXJfYmFja2VuZCI6ImRqYW5nby5jb250cmliLmF1dGguYmFja2VuZHMuTW9kZWxCYWNrZW5kIiwiX2F1dGhfdXNlcl9oYXNoIjoiNzdiZDJiMjk4NWUyNjA2NTcyNjMyOGQ4OTgzYTVhMTBhYzUxZDhmOCJ9', '2020-05-14 15:34:09.062789'),
('9gveljt4y1j7o1o8ppgqls4yqzt29884', 'ZjM5ZjI1YWZjNjYxNjhhNmRjMTBkNWIyZThhYzU0MzJkZGJjMjIwNDp7Il9zZXNzaW9uX2V4cGlyeSI6MzAwLCJfYXV0aF91c2VyX2lkIjoiMSIsIl9hdXRoX3VzZXJfYmFja2VuZCI6ImRqYW5nby5jb250cmliLmF1dGguYmFja2VuZHMuTW9kZWxCYWNrZW5kIiwiX2F1dGhfdXNlcl9oYXNoIjoiNzdiZDJiMjk4NWUyNjA2NTcyNjMyOGQ4OTgzYTVhMTBhYzUxZDhmOCJ9', '2020-05-14 15:21:51.404781'),
('9qvjufcrkawhjo0andn7hkx58r7na2j2', 'NTMzNjhhZjJjYWRiZDhlOGEwZTg3OTA5NDA2NzczM2I1ZDhmNDNhZDp7Il9zZXNzaW9uX2V4cGlyeSI6MTAsIl9hdXRoX3VzZXJfaWQiOiIxIiwiX2F1dGhfdXNlcl9iYWNrZW5kIjoiZGphbmdvLmNvbnRyaWIuYXV0aC5iYWNrZW5kcy5Nb2RlbEJhY2tlbmQiLCJfYXV0aF91c2VyX2hhc2giOiI3N2JkMmIyOTg1ZTI2MDY1NzI2MzI4ZDg5ODNhNWExMGFjNTFkOGY4In0=', '2020-04-29 13:02:11.493067'),
('9xf3lqddm49khuyirs42wxki1v7lcd8r', 'ZGU3OWI0MTAwMGI3MWE0ZjkwNDNiNDBhMmJlYzYxNjYzMTE0ODBlYTp7Il9hdXRoX3VzZXJfaWQiOiIxIiwiX2F1dGhfdXNlcl9iYWNrZW5kIjoiZGphbmdvLmNvbnRyaWIuYXV0aC5iYWNrZW5kcy5Nb2RlbEJhY2tlbmQiLCJfYXV0aF91c2VyX2hhc2giOiI3N2JkMmIyOTg1ZTI2MDY1NzI2MzI4ZDg5ODNhNWExMGFjNTFkOGY4IiwiX3Nlc3Npb25fZXhwaXJ5IjozMDB9', '2020-05-14 16:36:24.232399'),
('9xxv5t5abdhvtr6w1v20lb62p41lvusp', 'YWExMGI1NzgwOTBkOGZkNjk4OTQzZjE5Y2E1YzJjMGQwY2RkNTZlOTp7Il9zZXNzaW9uX2V4cGlyeSI6MTB9', '2020-04-29 07:43:06.914187'),
('a1kk5mzh8khg0ukxhz6uvgpjblrp423c', 'NTMzNjhhZjJjYWRiZDhlOGEwZTg3OTA5NDA2NzczM2I1ZDhmNDNhZDp7Il9zZXNzaW9uX2V4cGlyeSI6MTAsIl9hdXRoX3VzZXJfaWQiOiIxIiwiX2F1dGhfdXNlcl9iYWNrZW5kIjoiZGphbmdvLmNvbnRyaWIuYXV0aC5iYWNrZW5kcy5Nb2RlbEJhY2tlbmQiLCJfYXV0aF91c2VyX2hhc2giOiI3N2JkMmIyOTg1ZTI2MDY1NzI2MzI4ZDg5ODNhNWExMGFjNTFkOGY4In0=', '2020-04-29 12:59:37.097628'),
('a2k0g65sfy9pm2x8p0ku5mwuq59f16kf', 'MmNlYzBiOWQ2OWEwY2E5MmI1OThiZjg0NTE3NzgyYjRkZDY0NzA1ODp7Il9hdXRoX3VzZXJfaWQiOiIxIiwiX2F1dGhfdXNlcl9iYWNrZW5kIjoiZGphbmdvLmNvbnRyaWIuYXV0aC5iYWNrZW5kcy5Nb2RlbEJhY2tlbmQiLCJfYXV0aF91c2VyX2hhc2giOiI3N2JkMmIyOTg1ZTI2MDY1NzI2MzI4ZDg5ODNhNWExMGFjNTFkOGY4IiwiX3Nlc3Npb25fZXhwaXJ5IjoxMH0=', '2020-04-30 06:54:41.894303'),
('acpotkhlhrazdxtw5i0417pvl1zpw3o5', 'ZGU3OWI0MTAwMGI3MWE0ZjkwNDNiNDBhMmJlYzYxNjYzMTE0ODBlYTp7Il9hdXRoX3VzZXJfaWQiOiIxIiwiX2F1dGhfdXNlcl9iYWNrZW5kIjoiZGphbmdvLmNvbnRyaWIuYXV0aC5iYWNrZW5kcy5Nb2RlbEJhY2tlbmQiLCJfYXV0aF91c2VyX2hhc2giOiI3N2JkMmIyOTg1ZTI2MDY1NzI2MzI4ZDg5ODNhNWExMGFjNTFkOGY4IiwiX3Nlc3Npb25fZXhwaXJ5IjozMDB9', '2020-05-17 11:06:08.940913'),
('aeus7cpn30ti4cot0mfixml9s77jgx3g', 'YWExMGI1NzgwOTBkOGZkNjk4OTQzZjE5Y2E1YzJjMGQwY2RkNTZlOTp7Il9zZXNzaW9uX2V4cGlyeSI6MTB9', '2020-04-29 12:07:53.585763'),
('arrmmoapb08d00gwnpo6ff70se22v8iv', 'YWExMGI1NzgwOTBkOGZkNjk4OTQzZjE5Y2E1YzJjMGQwY2RkNTZlOTp7Il9zZXNzaW9uX2V4cGlyeSI6MTB9', '2020-04-29 07:19:47.035392'),
('axon2mbggoqa7fhcr3245qv1ru9sga7i', 'MmNlYzBiOWQ2OWEwY2E5MmI1OThiZjg0NTE3NzgyYjRkZDY0NzA1ODp7Il9hdXRoX3VzZXJfaWQiOiIxIiwiX2F1dGhfdXNlcl9iYWNrZW5kIjoiZGphbmdvLmNvbnRyaWIuYXV0aC5iYWNrZW5kcy5Nb2RlbEJhY2tlbmQiLCJfYXV0aF91c2VyX2hhc2giOiI3N2JkMmIyOTg1ZTI2MDY1NzI2MzI4ZDg5ODNhNWExMGFjNTFkOGY4IiwiX3Nlc3Npb25fZXhwaXJ5IjoxMH0=', '2020-04-29 13:00:21.845707'),
('bl1f7u0vuek4utdg8ii0e3ve6bjwqllm', 'YWExMGI1NzgwOTBkOGZkNjk4OTQzZjE5Y2E1YzJjMGQwY2RkNTZlOTp7Il9zZXNzaW9uX2V4cGlyeSI6MTB9', '2020-04-29 05:26:18.779557'),
('c483rklsozwjxs5gud300t081u645y6n', 'YWExMGI1NzgwOTBkOGZkNjk4OTQzZjE5Y2E1YzJjMGQwY2RkNTZlOTp7Il9zZXNzaW9uX2V4cGlyeSI6MTB9', '2020-04-29 12:10:55.393604'),
('cmyeyhv9rmuepm1b11vzm5lowc94ra1p', 'MDFkOTdhZGY0ZGNjYTJmYzUxMmEwOGI5Y2Y2OGUyM2M1MDZiYTMwMjp7Il9hdXRoX3VzZXJfaWQiOiIxIiwiX2F1dGhfdXNlcl9iYWNrZW5kIjoiZGphbmdvLmNvbnRyaWIuYXV0aC5iYWNrZW5kcy5Nb2RlbEJhY2tlbmQiLCJfYXV0aF91c2VyX2hhc2giOiI3N2JkMmIyOTg1ZTI2MDY1NzI2MzI4ZDg5ODNhNWExMGFjNTFkOGY4In0=', '2020-05-18 14:20:53.685776'),
('cy0d42oevz00pdkc3nsh0kw4egb8mb37', 'YWExMGI1NzgwOTBkOGZkNjk4OTQzZjE5Y2E1YzJjMGQwY2RkNTZlOTp7Il9zZXNzaW9uX2V4cGlyeSI6MTB9', '2020-04-29 07:52:58.762012'),
('dswjbgv75znrbggj81l5rc2ltb9h4vk8', 'MmNlYzBiOWQ2OWEwY2E5MmI1OThiZjg0NTE3NzgyYjRkZDY0NzA1ODp7Il9hdXRoX3VzZXJfaWQiOiIxIiwiX2F1dGhfdXNlcl9iYWNrZW5kIjoiZGphbmdvLmNvbnRyaWIuYXV0aC5iYWNrZW5kcy5Nb2RlbEJhY2tlbmQiLCJfYXV0aF91c2VyX2hhc2giOiI3N2JkMmIyOTg1ZTI2MDY1NzI2MzI4ZDg5ODNhNWExMGFjNTFkOGY4IiwiX3Nlc3Npb25fZXhwaXJ5IjoxMH0=', '2020-04-29 07:41:56.040939'),
('e431h9567yn7ftqiyqsoboa3ur5lo8oy', 'ZGU3OWI0MTAwMGI3MWE0ZjkwNDNiNDBhMmJlYzYxNjYzMTE0ODBlYTp7Il9hdXRoX3VzZXJfaWQiOiIxIiwiX2F1dGhfdXNlcl9iYWNrZW5kIjoiZGphbmdvLmNvbnRyaWIuYXV0aC5iYWNrZW5kcy5Nb2RlbEJhY2tlbmQiLCJfYXV0aF91c2VyX2hhc2giOiI3N2JkMmIyOTg1ZTI2MDY1NzI2MzI4ZDg5ODNhNWExMGFjNTFkOGY4IiwiX3Nlc3Npb25fZXhwaXJ5IjozMDB9', '2020-05-17 12:00:40.611771'),
('e9khtwnc4vpmo70vv3healiaf2738bx7', 'YWExMGI1NzgwOTBkOGZkNjk4OTQzZjE5Y2E1YzJjMGQwY2RkNTZlOTp7Il9zZXNzaW9uX2V4cGlyeSI6MTB9', '2020-05-01 07:14:09.737049'),
('eet1b9yrjyt5ih2iflxkgeg4dvfnqtvg', 'MmNlYzBiOWQ2OWEwY2E5MmI1OThiZjg0NTE3NzgyYjRkZDY0NzA1ODp7Il9hdXRoX3VzZXJfaWQiOiIxIiwiX2F1dGhfdXNlcl9iYWNrZW5kIjoiZGphbmdvLmNvbnRyaWIuYXV0aC5iYWNrZW5kcy5Nb2RlbEJhY2tlbmQiLCJfYXV0aF91c2VyX2hhc2giOiI3N2JkMmIyOTg1ZTI2MDY1NzI2MzI4ZDg5ODNhNWExMGFjNTFkOGY4IiwiX3Nlc3Npb25fZXhwaXJ5IjoxMH0=', '2020-04-30 08:14:51.421224'),
('euxpekeoj9btcjzo1zqmk0x809eupt4u', 'MmNlYzBiOWQ2OWEwY2E5MmI1OThiZjg0NTE3NzgyYjRkZDY0NzA1ODp7Il9hdXRoX3VzZXJfaWQiOiIxIiwiX2F1dGhfdXNlcl9iYWNrZW5kIjoiZGphbmdvLmNvbnRyaWIuYXV0aC5iYWNrZW5kcy5Nb2RlbEJhY2tlbmQiLCJfYXV0aF91c2VyX2hhc2giOiI3N2JkMmIyOTg1ZTI2MDY1NzI2MzI4ZDg5ODNhNWExMGFjNTFkOGY4IiwiX3Nlc3Npb25fZXhwaXJ5IjoxMH0=', '2020-04-29 05:32:33.405348'),
('ew45uo6nztnpekl9mohupvd148e54ds3', 'YWExMGI1NzgwOTBkOGZkNjk4OTQzZjE5Y2E1YzJjMGQwY2RkNTZlOTp7Il9zZXNzaW9uX2V4cGlyeSI6MTB9', '2020-04-29 07:44:59.202027'),
('f8h2jv86v1z19ia43i553ygzyvczo6tf', 'ZjM5ZjI1YWZjNjYxNjhhNmRjMTBkNWIyZThhYzU0MzJkZGJjMjIwNDp7Il9zZXNzaW9uX2V4cGlyeSI6MzAwLCJfYXV0aF91c2VyX2lkIjoiMSIsIl9hdXRoX3VzZXJfYmFja2VuZCI6ImRqYW5nby5jb250cmliLmF1dGguYmFja2VuZHMuTW9kZWxCYWNrZW5kIiwiX2F1dGhfdXNlcl9oYXNoIjoiNzdiZDJiMjk4NWUyNjA2NTcyNjMyOGQ4OTgzYTVhMTBhYzUxZDhmOCJ9', '2020-05-14 15:48:24.137758'),
('foj6rng79w9rxboxcen16vyyfteu4aj3', 'MmNlYzBiOWQ2OWEwY2E5MmI1OThiZjg0NTE3NzgyYjRkZDY0NzA1ODp7Il9hdXRoX3VzZXJfaWQiOiIxIiwiX2F1dGhfdXNlcl9iYWNrZW5kIjoiZGphbmdvLmNvbnRyaWIuYXV0aC5iYWNrZW5kcy5Nb2RlbEJhY2tlbmQiLCJfYXV0aF91c2VyX2hhc2giOiI3N2JkMmIyOTg1ZTI2MDY1NzI2MzI4ZDg5ODNhNWExMGFjNTFkOGY4IiwiX3Nlc3Npb25fZXhwaXJ5IjoxMH0=', '2020-05-01 16:19:21.127581'),
('fs82xxvjy2c1nkkn9lfgy0ls9arat3xe', 'MmNlYzBiOWQ2OWEwY2E5MmI1OThiZjg0NTE3NzgyYjRkZDY0NzA1ODp7Il9hdXRoX3VzZXJfaWQiOiIxIiwiX2F1dGhfdXNlcl9iYWNrZW5kIjoiZGphbmdvLmNvbnRyaWIuYXV0aC5iYWNrZW5kcy5Nb2RlbEJhY2tlbmQiLCJfYXV0aF91c2VyX2hhc2giOiI3N2JkMmIyOTg1ZTI2MDY1NzI2MzI4ZDg5ODNhNWExMGFjNTFkOGY4IiwiX3Nlc3Npb25fZXhwaXJ5IjoxMH0=', '2020-04-29 13:29:39.575607'),
('fx88cb0y2ec5jk68wxuvu9z38pmwhwqg', 'MmNlYzBiOWQ2OWEwY2E5MmI1OThiZjg0NTE3NzgyYjRkZDY0NzA1ODp7Il9hdXRoX3VzZXJfaWQiOiIxIiwiX2F1dGhfdXNlcl9iYWNrZW5kIjoiZGphbmdvLmNvbnRyaWIuYXV0aC5iYWNrZW5kcy5Nb2RlbEJhY2tlbmQiLCJfYXV0aF91c2VyX2hhc2giOiI3N2JkMmIyOTg1ZTI2MDY1NzI2MzI4ZDg5ODNhNWExMGFjNTFkOGY4IiwiX3Nlc3Npb25fZXhwaXJ5IjoxMH0=', '2020-05-01 16:11:01.208877'),
('g3t3binj2rwpzngreq4m7l335n6vgs5r', 'NDkyOGU0OWJmMTRhMzYzNmJmODk3ODJhMTY5ZWQxYTk3NjZiMDk4NDp7Il9hdXRoX3VzZXJfaWQiOiI1IiwiX2F1dGhfdXNlcl9iYWNrZW5kIjoiZGphbmdvLmNvbnRyaWIuYXV0aC5iYWNrZW5kcy5Nb2RlbEJhY2tlbmQiLCJfYXV0aF91c2VyX2hhc2giOiI0M2I5ZmNmOTUzOTY3MTU4MjkyODlmZTM0MTliNjFmYmViMGE0MDMzIiwiX3Nlc3Npb25fZXhwaXJ5IjoxMH0=', '2020-04-30 10:39:59.323834'),
('g8mxlmxm1cts909scnxnsufvw6nqx8pa', 'YWExMGI1NzgwOTBkOGZkNjk4OTQzZjE5Y2E1YzJjMGQwY2RkNTZlOTp7Il9zZXNzaW9uX2V4cGlyeSI6MTB9', '2020-04-30 07:53:12.769223'),
('g9ts0krhql2yjw39ychbls8baemc4v9q', 'ZGU3OWI0MTAwMGI3MWE0ZjkwNDNiNDBhMmJlYzYxNjYzMTE0ODBlYTp7Il9hdXRoX3VzZXJfaWQiOiIxIiwiX2F1dGhfdXNlcl9iYWNrZW5kIjoiZGphbmdvLmNvbnRyaWIuYXV0aC5iYWNrZW5kcy5Nb2RlbEJhY2tlbmQiLCJfYXV0aF91c2VyX2hhc2giOiI3N2JkMmIyOTg1ZTI2MDY1NzI2MzI4ZDg5ODNhNWExMGFjNTFkOGY4IiwiX3Nlc3Npb25fZXhwaXJ5IjozMDB9', '2020-05-17 11:21:22.992414'),
('ghl5o7f9iwhq43p0z7h379g7sb8wn2v4', 'YWExMGI1NzgwOTBkOGZkNjk4OTQzZjE5Y2E1YzJjMGQwY2RkNTZlOTp7Il9zZXNzaW9uX2V4cGlyeSI6MTB9', '2020-04-29 05:34:51.371235'),
('gifkuu4lwfxbfvl8o2yi29bxzhtmohtb', 'MmNlYzBiOWQ2OWEwY2E5MmI1OThiZjg0NTE3NzgyYjRkZDY0NzA1ODp7Il9hdXRoX3VzZXJfaWQiOiIxIiwiX2F1dGhfdXNlcl9iYWNrZW5kIjoiZGphbmdvLmNvbnRyaWIuYXV0aC5iYWNrZW5kcy5Nb2RlbEJhY2tlbmQiLCJfYXV0aF91c2VyX2hhc2giOiI3N2JkMmIyOTg1ZTI2MDY1NzI2MzI4ZDg5ODNhNWExMGFjNTFkOGY4IiwiX3Nlc3Npb25fZXhwaXJ5IjoxMH0=', '2020-05-01 07:13:41.273429'),
('gk91qesk8nilpwb3phnur2t496duzl1m', 'ZjM5ZjI1YWZjNjYxNjhhNmRjMTBkNWIyZThhYzU0MzJkZGJjMjIwNDp7Il9zZXNzaW9uX2V4cGlyeSI6MzAwLCJfYXV0aF91c2VyX2lkIjoiMSIsIl9hdXRoX3VzZXJfYmFja2VuZCI6ImRqYW5nby5jb250cmliLmF1dGguYmFja2VuZHMuTW9kZWxCYWNrZW5kIiwiX2F1dGhfdXNlcl9oYXNoIjoiNzdiZDJiMjk4NWUyNjA2NTcyNjMyOGQ4OTgzYTVhMTBhYzUxZDhmOCJ9', '2020-05-14 16:46:23.893178'),
('glxnkhv0tif4hp7mm58z6khx6lvm57oo', 'YWExMGI1NzgwOTBkOGZkNjk4OTQzZjE5Y2E1YzJjMGQwY2RkNTZlOTp7Il9zZXNzaW9uX2V4cGlyeSI6MTB9', '2020-04-29 12:54:36.105207'),
('goi2u6wrytzd1caj1u2q1euixo2p4qjj', 'MmNlYzBiOWQ2OWEwY2E5MmI1OThiZjg0NTE3NzgyYjRkZDY0NzA1ODp7Il9hdXRoX3VzZXJfaWQiOiIxIiwiX2F1dGhfdXNlcl9iYWNrZW5kIjoiZGphbmdvLmNvbnRyaWIuYXV0aC5iYWNrZW5kcy5Nb2RlbEJhY2tlbmQiLCJfYXV0aF91c2VyX2hhc2giOiI3N2JkMmIyOTg1ZTI2MDY1NzI2MzI4ZDg5ODNhNWExMGFjNTFkOGY4IiwiX3Nlc3Npb25fZXhwaXJ5IjoxMH0=', '2020-04-30 07:30:01.637282'),
('gv8z8c5cg8c5mywn1g58da8ol8xdmcug', 'YWExMGI1NzgwOTBkOGZkNjk4OTQzZjE5Y2E1YzJjMGQwY2RkNTZlOTp7Il9zZXNzaW9uX2V4cGlyeSI6MTB9', '2020-04-29 07:45:58.656904'),
('hcp5kyvch0giopkfxypavw2k6oqeruut', 'YWExMGI1NzgwOTBkOGZkNjk4OTQzZjE5Y2E1YzJjMGQwY2RkNTZlOTp7Il9zZXNzaW9uX2V4cGlyeSI6MTB9', '2020-04-29 07:50:38.393463'),
('hhdw2972fiw9c15w71w6yv376hrk74vg', 'MmNlYzBiOWQ2OWEwY2E5MmI1OThiZjg0NTE3NzgyYjRkZDY0NzA1ODp7Il9hdXRoX3VzZXJfaWQiOiIxIiwiX2F1dGhfdXNlcl9iYWNrZW5kIjoiZGphbmdvLmNvbnRyaWIuYXV0aC5iYWNrZW5kcy5Nb2RlbEJhY2tlbmQiLCJfYXV0aF91c2VyX2hhc2giOiI3N2JkMmIyOTg1ZTI2MDY1NzI2MzI4ZDg5ODNhNWExMGFjNTFkOGY4IiwiX3Nlc3Npb25fZXhwaXJ5IjoxMH0=', '2020-04-29 07:50:25.107895'),
('hngu84hixxjgueylzh4obrmej6yl4vni', 'MmNlYzBiOWQ2OWEwY2E5MmI1OThiZjg0NTE3NzgyYjRkZDY0NzA1ODp7Il9hdXRoX3VzZXJfaWQiOiIxIiwiX2F1dGhfdXNlcl9iYWNrZW5kIjoiZGphbmdvLmNvbnRyaWIuYXV0aC5iYWNrZW5kcy5Nb2RlbEJhY2tlbmQiLCJfYXV0aF91c2VyX2hhc2giOiI3N2JkMmIyOTg1ZTI2MDY1NzI2MzI4ZDg5ODNhNWExMGFjNTFkOGY4IiwiX3Nlc3Npb25fZXhwaXJ5IjoxMH0=', '2020-04-29 06:23:42.653723'),
('hxrr96bpvhhhiicjnk071i338ih8fdnb', 'MmNlYzBiOWQ2OWEwY2E5MmI1OThiZjg0NTE3NzgyYjRkZDY0NzA1ODp7Il9hdXRoX3VzZXJfaWQiOiIxIiwiX2F1dGhfdXNlcl9iYWNrZW5kIjoiZGphbmdvLmNvbnRyaWIuYXV0aC5iYWNrZW5kcy5Nb2RlbEJhY2tlbmQiLCJfYXV0aF91c2VyX2hhc2giOiI3N2JkMmIyOTg1ZTI2MDY1NzI2MzI4ZDg5ODNhNWExMGFjNTFkOGY4IiwiX3Nlc3Npb25fZXhwaXJ5IjoxMH0=', '2020-04-30 07:23:02.372482'),
('irpevhazj41czxmr5xq1yci2nyn02jc7', 'YWExMGI1NzgwOTBkOGZkNjk4OTQzZjE5Y2E1YzJjMGQwY2RkNTZlOTp7Il9zZXNzaW9uX2V4cGlyeSI6MTB9', '2020-04-30 10:44:28.292798'),
('ixb0hg76icdnnk7z5xvjz356o549znej', 'MmNlYzBiOWQ2OWEwY2E5MmI1OThiZjg0NTE3NzgyYjRkZDY0NzA1ODp7Il9hdXRoX3VzZXJfaWQiOiIxIiwiX2F1dGhfdXNlcl9iYWNrZW5kIjoiZGphbmdvLmNvbnRyaWIuYXV0aC5iYWNrZW5kcy5Nb2RlbEJhY2tlbmQiLCJfYXV0aF91c2VyX2hhc2giOiI3N2JkMmIyOTg1ZTI2MDY1NzI2MzI4ZDg5ODNhNWExMGFjNTFkOGY4IiwiX3Nlc3Npb25fZXhwaXJ5IjoxMH0=', '2020-05-01 15:26:33.885914'),
('izpxmi90n0g8ae4chrs6passktnpjyqs', 'MmNlYzBiOWQ2OWEwY2E5MmI1OThiZjg0NTE3NzgyYjRkZDY0NzA1ODp7Il9hdXRoX3VzZXJfaWQiOiIxIiwiX2F1dGhfdXNlcl9iYWNrZW5kIjoiZGphbmdvLmNvbnRyaWIuYXV0aC5iYWNrZW5kcy5Nb2RlbEJhY2tlbmQiLCJfYXV0aF91c2VyX2hhc2giOiI3N2JkMmIyOTg1ZTI2MDY1NzI2MzI4ZDg5ODNhNWExMGFjNTFkOGY4IiwiX3Nlc3Npb25fZXhwaXJ5IjoxMH0=', '2020-04-29 07:08:23.099707'),
('izs2vbwev3bf328802ni89sdlygd8fmh', 'YWExMGI1NzgwOTBkOGZkNjk4OTQzZjE5Y2E1YzJjMGQwY2RkNTZlOTp7Il9zZXNzaW9uX2V4cGlyeSI6MTB9', '2020-04-29 07:07:52.626908'),
('j0ni167b22h8up36h5m0k1vioj86fem3', 'YWExMGI1NzgwOTBkOGZkNjk4OTQzZjE5Y2E1YzJjMGQwY2RkNTZlOTp7Il9zZXNzaW9uX2V4cGlyeSI6MTB9', '2020-04-29 07:14:58.779524'),
('j3emensakwnskpfwzybssyt1a94y2i4j', 'MmNlYzBiOWQ2OWEwY2E5MmI1OThiZjg0NTE3NzgyYjRkZDY0NzA1ODp7Il9hdXRoX3VzZXJfaWQiOiIxIiwiX2F1dGhfdXNlcl9iYWNrZW5kIjoiZGphbmdvLmNvbnRyaWIuYXV0aC5iYWNrZW5kcy5Nb2RlbEJhY2tlbmQiLCJfYXV0aF91c2VyX2hhc2giOiI3N2JkMmIyOTg1ZTI2MDY1NzI2MzI4ZDg5ODNhNWExMGFjNTFkOGY4IiwiX3Nlc3Npb25fZXhwaXJ5IjoxMH0=', '2020-04-29 07:22:12.813864'),
('jb9ucy0wlrj415ssw6t41q4214opbz59', 'YWExMGI1NzgwOTBkOGZkNjk4OTQzZjE5Y2E1YzJjMGQwY2RkNTZlOTp7Il9zZXNzaW9uX2V4cGlyeSI6MTB9', '2020-04-29 07:49:55.275957'),
('jc8dluh58hrpfagwmse67c21tls6oken', 'Y2RmZTM3ZGM3YzIyMjZkODcyZmZjMWU5ZDcxZmNiNTRlZjMxMzkxNTp7Il9hdXRoX3VzZXJfaWQiOiI2IiwiX2F1dGhfdXNlcl9iYWNrZW5kIjoiZGphbmdvLmNvbnRyaWIuYXV0aC5iYWNrZW5kcy5Nb2RlbEJhY2tlbmQiLCJfYXV0aF91c2VyX2hhc2giOiI0ZTEzZmM0NzRiNWQ5YzlhZWI0YmY5ODAxZTk4ZjFhNDBiZTg1ODgyIiwiX3Nlc3Npb25fZXhwaXJ5IjoxMH0=', '2020-04-30 10:40:50.995824'),
('jka1u87a3m9zactg50d1iu35ie0l72si', 'YWExMGI1NzgwOTBkOGZkNjk4OTQzZjE5Y2E1YzJjMGQwY2RkNTZlOTp7Il9zZXNzaW9uX2V4cGlyeSI6MTB9', '2020-04-29 07:22:39.904729'),
('jyxtxz3n01vbenb8wimsu2ntf142du0r', 'YWExMGI1NzgwOTBkOGZkNjk4OTQzZjE5Y2E1YzJjMGQwY2RkNTZlOTp7Il9zZXNzaW9uX2V4cGlyeSI6MTB9', '2020-04-30 07:06:37.631996'),
('kp10vq2ndvmofopus963gr2k5anewg46', 'MDFkOTdhZGY0ZGNjYTJmYzUxMmEwOGI5Y2Y2OGUyM2M1MDZiYTMwMjp7Il9hdXRoX3VzZXJfaWQiOiIxIiwiX2F1dGhfdXNlcl9iYWNrZW5kIjoiZGphbmdvLmNvbnRyaWIuYXV0aC5iYWNrZW5kcy5Nb2RlbEJhY2tlbmQiLCJfYXV0aF91c2VyX2hhc2giOiI3N2JkMmIyOTg1ZTI2MDY1NzI2MzI4ZDg5ODNhNWExMGFjNTFkOGY4In0=', '2020-05-12 18:02:22.434624'),
('kpn5hb9lmvovoqlt22jorujnb29z21ze', 'ZGU3OWI0MTAwMGI3MWE0ZjkwNDNiNDBhMmJlYzYxNjYzMTE0ODBlYTp7Il9hdXRoX3VzZXJfaWQiOiIxIiwiX2F1dGhfdXNlcl9iYWNrZW5kIjoiZGphbmdvLmNvbnRyaWIuYXV0aC5iYWNrZW5kcy5Nb2RlbEJhY2tlbmQiLCJfYXV0aF91c2VyX2hhc2giOiI3N2JkMmIyOTg1ZTI2MDY1NzI2MzI4ZDg5ODNhNWExMGFjNTFkOGY4IiwiX3Nlc3Npb25fZXhwaXJ5IjozMDB9', '2020-05-18 05:36:52.366819'),
('l970ugjpv76r5s54htv86p67ept5gnwp', 'MmNlYzBiOWQ2OWEwY2E5MmI1OThiZjg0NTE3NzgyYjRkZDY0NzA1ODp7Il9hdXRoX3VzZXJfaWQiOiIxIiwiX2F1dGhfdXNlcl9iYWNrZW5kIjoiZGphbmdvLmNvbnRyaWIuYXV0aC5iYWNrZW5kcy5Nb2RlbEJhY2tlbmQiLCJfYXV0aF91c2VyX2hhc2giOiI3N2JkMmIyOTg1ZTI2MDY1NzI2MzI4ZDg5ODNhNWExMGFjNTFkOGY4IiwiX3Nlc3Npb25fZXhwaXJ5IjoxMH0=', '2020-05-01 15:11:22.689625'),
('ln0ecqnw71z3blhwdbzwcm1oom8ax539', 'MmNlYzBiOWQ2OWEwY2E5MmI1OThiZjg0NTE3NzgyYjRkZDY0NzA1ODp7Il9hdXRoX3VzZXJfaWQiOiIxIiwiX2F1dGhfdXNlcl9iYWNrZW5kIjoiZGphbmdvLmNvbnRyaWIuYXV0aC5iYWNrZW5kcy5Nb2RlbEJhY2tlbmQiLCJfYXV0aF91c2VyX2hhc2giOiI3N2JkMmIyOTg1ZTI2MDY1NzI2MzI4ZDg5ODNhNWExMGFjNTFkOGY4IiwiX3Nlc3Npb25fZXhwaXJ5IjoxMH0=', '2020-04-29 05:35:12.855827'),
('lnvf5qwprtuq4224v7s2pe8tbepd9076', 'YWExMGI1NzgwOTBkOGZkNjk4OTQzZjE5Y2E1YzJjMGQwY2RkNTZlOTp7Il9zZXNzaW9uX2V4cGlyeSI6MTB9', '2020-04-29 07:42:16.642103'),
('mcwwxl52rv9uxodj96b9upsu2itgyt04', 'YWExMGI1NzgwOTBkOGZkNjk4OTQzZjE5Y2E1YzJjMGQwY2RkNTZlOTp7Il9zZXNzaW9uX2V4cGlyeSI6MTB9', '2020-04-29 06:21:10.407366'),
('mjfk6j1i5l4p8jsv7mafv4e61uwrczma', 'YWExMGI1NzgwOTBkOGZkNjk4OTQzZjE5Y2E1YzJjMGQwY2RkNTZlOTp7Il9zZXNzaW9uX2V4cGlyeSI6MTB9', '2020-04-30 07:08:27.758771'),
('n16xjw92r6q2gzrrqq5bsha2zjt9v68z', 'MmNlYzBiOWQ2OWEwY2E5MmI1OThiZjg0NTE3NzgyYjRkZDY0NzA1ODp7Il9hdXRoX3VzZXJfaWQiOiIxIiwiX2F1dGhfdXNlcl9iYWNrZW5kIjoiZGphbmdvLmNvbnRyaWIuYXV0aC5iYWNrZW5kcy5Nb2RlbEJhY2tlbmQiLCJfYXV0aF91c2VyX2hhc2giOiI3N2JkMmIyOTg1ZTI2MDY1NzI2MzI4ZDg5ODNhNWExMGFjNTFkOGY4IiwiX3Nlc3Npb25fZXhwaXJ5IjoxMH0=', '2020-04-29 07:48:07.067660'),
('nlntmxe4bwzciberj4yydwrw9xuyrjpm', 'NTJiYzhkNmZhYmRkNjg5NDc2Yzg1OTFkMzZmYTc3ODhlZmRlODk4Mzp7Il9hdXRoX3VzZXJfaWQiOiI3IiwiX2F1dGhfdXNlcl9iYWNrZW5kIjoiZGphbmdvLmNvbnRyaWIuYXV0aC5iYWNrZW5kcy5Nb2RlbEJhY2tlbmQiLCJfYXV0aF91c2VyX2hhc2giOiIyMTQwZTdiZDE3ODI1MjBiNzBiZjVhOGJjYzgxYjdmYmVjMTZmOGYzIiwiX3Nlc3Npb25fZXhwaXJ5IjoxMH0=', '2020-04-30 11:13:42.398288'),
('nsllxdh2md2qaeedpe34du9znjb8ygo5', 'YWExMGI1NzgwOTBkOGZkNjk4OTQzZjE5Y2E1YzJjMGQwY2RkNTZlOTp7Il9zZXNzaW9uX2V4cGlyeSI6MTB9', '2020-04-29 07:47:49.779079'),
('nv2b3vc9icd4ucrdx18somik1ftdgi2w', 'MmNlYzBiOWQ2OWEwY2E5MmI1OThiZjg0NTE3NzgyYjRkZDY0NzA1ODp7Il9hdXRoX3VzZXJfaWQiOiIxIiwiX2F1dGhfdXNlcl9iYWNrZW5kIjoiZGphbmdvLmNvbnRyaWIuYXV0aC5iYWNrZW5kcy5Nb2RlbEJhY2tlbmQiLCJfYXV0aF91c2VyX2hhc2giOiI3N2JkMmIyOTg1ZTI2MDY1NzI2MzI4ZDg5ODNhNWExMGFjNTFkOGY4IiwiX3Nlc3Npb25fZXhwaXJ5IjoxMH0=', '2020-04-30 12:12:07.947928'),
('ny6ik0xb8rij7mgwdg43k73d4kq873mv', 'MmNlYzBiOWQ2OWEwY2E5MmI1OThiZjg0NTE3NzgyYjRkZDY0NzA1ODp7Il9hdXRoX3VzZXJfaWQiOiIxIiwiX2F1dGhfdXNlcl9iYWNrZW5kIjoiZGphbmdvLmNvbnRyaWIuYXV0aC5iYWNrZW5kcy5Nb2RlbEJhY2tlbmQiLCJfYXV0aF91c2VyX2hhc2giOiI3N2JkMmIyOTg1ZTI2MDY1NzI2MzI4ZDg5ODNhNWExMGFjNTFkOGY4IiwiX3Nlc3Npb25fZXhwaXJ5IjoxMH0=', '2020-04-29 12:50:30.882894'),
('o7gfgd16jw7cd8m8mfumnt016f55ruga', 'MmNlYzBiOWQ2OWEwY2E5MmI1OThiZjg0NTE3NzgyYjRkZDY0NzA1ODp7Il9hdXRoX3VzZXJfaWQiOiIxIiwiX2F1dGhfdXNlcl9iYWNrZW5kIjoiZGphbmdvLmNvbnRyaWIuYXV0aC5iYWNrZW5kcy5Nb2RlbEJhY2tlbmQiLCJfYXV0aF91c2VyX2hhc2giOiI3N2JkMmIyOTg1ZTI2MDY1NzI2MzI4ZDg5ODNhNWExMGFjNTFkOGY4IiwiX3Nlc3Npb25fZXhwaXJ5IjoxMH0=', '2020-04-30 07:56:50.381399'),
('ob2nh0554w46y6ujpil931zym7ir3bhw', 'MmNlYzBiOWQ2OWEwY2E5MmI1OThiZjg0NTE3NzgyYjRkZDY0NzA1ODp7Il9hdXRoX3VzZXJfaWQiOiIxIiwiX2F1dGhfdXNlcl9iYWNrZW5kIjoiZGphbmdvLmNvbnRyaWIuYXV0aC5iYWNrZW5kcy5Nb2RlbEJhY2tlbmQiLCJfYXV0aF91c2VyX2hhc2giOiI3N2JkMmIyOTg1ZTI2MDY1NzI2MzI4ZDg5ODNhNWExMGFjNTFkOGY4IiwiX3Nlc3Npb25fZXhwaXJ5IjoxMH0=', '2020-04-29 07:15:20.108336'),
('oud7wp60z3xxdzof74u678htawsa0cqo', 'MmNlYzBiOWQ2OWEwY2E5MmI1OThiZjg0NTE3NzgyYjRkZDY0NzA1ODp7Il9hdXRoX3VzZXJfaWQiOiIxIiwiX2F1dGhfdXNlcl9iYWNrZW5kIjoiZGphbmdvLmNvbnRyaWIuYXV0aC5iYWNrZW5kcy5Nb2RlbEJhY2tlbmQiLCJfYXV0aF91c2VyX2hhc2giOiI3N2JkMmIyOTg1ZTI2MDY1NzI2MzI4ZDg5ODNhNWExMGFjNTFkOGY4IiwiX3Nlc3Npb25fZXhwaXJ5IjoxMH0=', '2020-05-01 08:00:45.604293'),
('p2sx7ll2hckajmerptoffgs1gw56f5zg', 'MDFkOTdhZGY0ZGNjYTJmYzUxMmEwOGI5Y2Y2OGUyM2M1MDZiYTMwMjp7Il9hdXRoX3VzZXJfaWQiOiIxIiwiX2F1dGhfdXNlcl9iYWNrZW5kIjoiZGphbmdvLmNvbnRyaWIuYXV0aC5iYWNrZW5kcy5Nb2RlbEJhY2tlbmQiLCJfYXV0aF91c2VyX2hhc2giOiI3N2JkMmIyOTg1ZTI2MDY1NzI2MzI4ZDg5ODNhNWExMGFjNTFkOGY4In0=', '2020-05-18 14:21:51.662987'),
('pslhit2337wwymzg5hbiru8e6qzztikw', 'MmNlYzBiOWQ2OWEwY2E5MmI1OThiZjg0NTE3NzgyYjRkZDY0NzA1ODp7Il9hdXRoX3VzZXJfaWQiOiIxIiwiX2F1dGhfdXNlcl9iYWNrZW5kIjoiZGphbmdvLmNvbnRyaWIuYXV0aC5iYWNrZW5kcy5Nb2RlbEJhY2tlbmQiLCJfYXV0aF91c2VyX2hhc2giOiI3N2JkMmIyOTg1ZTI2MDY1NzI2MzI4ZDg5ODNhNWExMGFjNTFkOGY4IiwiX3Nlc3Npb25fZXhwaXJ5IjoxMH0=', '2020-04-30 12:08:19.747031'),
('pv3l8ixsgpkifste1fiu1mtur9go6m1i', 'YWExMGI1NzgwOTBkOGZkNjk4OTQzZjE5Y2E1YzJjMGQwY2RkNTZlOTp7Il9zZXNzaW9uX2V4cGlyeSI6MTB9', '2020-04-29 05:20:12.105984'),
('pwvpsheof99gm83jqgxbjgv56tidlf0u', 'YWExMGI1NzgwOTBkOGZkNjk4OTQzZjE5Y2E1YzJjMGQwY2RkNTZlOTp7Il9zZXNzaW9uX2V4cGlyeSI6MTB9', '2020-04-29 12:47:51.751074'),
('qcd1xwhsshao7xda2y7mlp2277wcia88', 'MmNlYzBiOWQ2OWEwY2E5MmI1OThiZjg0NTE3NzgyYjRkZDY0NzA1ODp7Il9hdXRoX3VzZXJfaWQiOiIxIiwiX2F1dGhfdXNlcl9iYWNrZW5kIjoiZGphbmdvLmNvbnRyaWIuYXV0aC5iYWNrZW5kcy5Nb2RlbEJhY2tlbmQiLCJfYXV0aF91c2VyX2hhc2giOiI3N2JkMmIyOTg1ZTI2MDY1NzI2MzI4ZDg5ODNhNWExMGFjNTFkOGY4IiwiX3Nlc3Npb25fZXhwaXJ5IjoxMH0=', '2020-05-01 06:40:54.629495'),
('qspd50yse5tv0c5qo0308xeust271clv', 'MmNlYzBiOWQ2OWEwY2E5MmI1OThiZjg0NTE3NzgyYjRkZDY0NzA1ODp7Il9hdXRoX3VzZXJfaWQiOiIxIiwiX2F1dGhfdXNlcl9iYWNrZW5kIjoiZGphbmdvLmNvbnRyaWIuYXV0aC5iYWNrZW5kcy5Nb2RlbEJhY2tlbmQiLCJfYXV0aF91c2VyX2hhc2giOiI3N2JkMmIyOTg1ZTI2MDY1NzI2MzI4ZDg5ODNhNWExMGFjNTFkOGY4IiwiX3Nlc3Npb25fZXhwaXJ5IjoxMH0=', '2020-04-29 05:20:48.778287'),
('quje5z4y1eyx8u0n5hhs2jxj4eh6m932', 'YWExMGI1NzgwOTBkOGZkNjk4OTQzZjE5Y2E1YzJjMGQwY2RkNTZlOTp7Il9zZXNzaW9uX2V4cGlyeSI6MTB9', '2020-04-29 05:34:20.611951'),
('qwr5ahy35bkxrq0lpps0izmhzzm5ai1k', 'MmNlYzBiOWQ2OWEwY2E5MmI1OThiZjg0NTE3NzgyYjRkZDY0NzA1ODp7Il9hdXRoX3VzZXJfaWQiOiIxIiwiX2F1dGhfdXNlcl9iYWNrZW5kIjoiZGphbmdvLmNvbnRyaWIuYXV0aC5iYWNrZW5kcy5Nb2RlbEJhY2tlbmQiLCJfYXV0aF91c2VyX2hhc2giOiI3N2JkMmIyOTg1ZTI2MDY1NzI2MzI4ZDg5ODNhNWExMGFjNTFkOGY4IiwiX3Nlc3Npb25fZXhwaXJ5IjoxMH0=', '2020-04-30 12:19:34.929751'),
('r15pxsdnimnezpapvy5z4xqgabg3re9m', 'ZGU3OWI0MTAwMGI3MWE0ZjkwNDNiNDBhMmJlYzYxNjYzMTE0ODBlYTp7Il9hdXRoX3VzZXJfaWQiOiIxIiwiX2F1dGhfdXNlcl9iYWNrZW5kIjoiZGphbmdvLmNvbnRyaWIuYXV0aC5iYWNrZW5kcy5Nb2RlbEJhY2tlbmQiLCJfYXV0aF91c2VyX2hhc2giOiI3N2JkMmIyOTg1ZTI2MDY1NzI2MzI4ZDg5ODNhNWExMGFjNTFkOGY4IiwiX3Nlc3Npb25fZXhwaXJ5IjozMDB9', '2020-05-14 17:34:26.501232'),
('rovwy0zkdwtiirf3oixq2t9wsinl398y', 'NDkyOGU0OWJmMTRhMzYzNmJmODk3ODJhMTY5ZWQxYTk3NjZiMDk4NDp7Il9hdXRoX3VzZXJfaWQiOiI1IiwiX2F1dGhfdXNlcl9iYWNrZW5kIjoiZGphbmdvLmNvbnRyaWIuYXV0aC5iYWNrZW5kcy5Nb2RlbEJhY2tlbmQiLCJfYXV0aF91c2VyX2hhc2giOiI0M2I5ZmNmOTUzOTY3MTU4MjkyODlmZTM0MTliNjFmYmViMGE0MDMzIiwiX3Nlc3Npb25fZXhwaXJ5IjoxMH0=', '2020-04-30 10:26:38.333223'),
('rpqidkgnb19kyg71z6yzmlwrrvmvhbcn', 'NTMzNjhhZjJjYWRiZDhlOGEwZTg3OTA5NDA2NzczM2I1ZDhmNDNhZDp7Il9zZXNzaW9uX2V4cGlyeSI6MTAsIl9hdXRoX3VzZXJfaWQiOiIxIiwiX2F1dGhfdXNlcl9iYWNrZW5kIjoiZGphbmdvLmNvbnRyaWIuYXV0aC5iYWNrZW5kcy5Nb2RlbEJhY2tlbmQiLCJfYXV0aF91c2VyX2hhc2giOiI3N2JkMmIyOTg1ZTI2MDY1NzI2MzI4ZDg5ODNhNWExMGFjNTFkOGY4In0=', '2020-05-01 15:42:44.048284'),
('rweyujbehatvaont1ato69aylmqu5zoc', 'MmNlYzBiOWQ2OWEwY2E5MmI1OThiZjg0NTE3NzgyYjRkZDY0NzA1ODp7Il9hdXRoX3VzZXJfaWQiOiIxIiwiX2F1dGhfdXNlcl9iYWNrZW5kIjoiZGphbmdvLmNvbnRyaWIuYXV0aC5iYWNrZW5kcy5Nb2RlbEJhY2tlbmQiLCJfYXV0aF91c2VyX2hhc2giOiI3N2JkMmIyOTg1ZTI2MDY1NzI2MzI4ZDg5ODNhNWExMGFjNTFkOGY4IiwiX3Nlc3Npb25fZXhwaXJ5IjoxMH0=', '2020-04-29 12:52:29.959802'),
('s2ugrniwxv5q1hzozzx8d99e2tggloet', 'YWExMGI1NzgwOTBkOGZkNjk4OTQzZjE5Y2E1YzJjMGQwY2RkNTZlOTp7Il9zZXNzaW9uX2V4cGlyeSI6MTB9', '2020-05-01 09:20:08.439754'),
('s7vlsa2jd5amhx287gear848tijo4mjl', 'Y2RmZTM3ZGM3YzIyMjZkODcyZmZjMWU5ZDcxZmNiNTRlZjMxMzkxNTp7Il9hdXRoX3VzZXJfaWQiOiI2IiwiX2F1dGhfdXNlcl9iYWNrZW5kIjoiZGphbmdvLmNvbnRyaWIuYXV0aC5iYWNrZW5kcy5Nb2RlbEJhY2tlbmQiLCJfYXV0aF91c2VyX2hhc2giOiI0ZTEzZmM0NzRiNWQ5YzlhZWI0YmY5ODAxZTk4ZjFhNDBiZTg1ODgyIiwiX3Nlc3Npb25fZXhwaXJ5IjoxMH0=', '2020-04-30 10:42:31.697775'),
('sab7u2wazchl732ucirgeetpth05jnue', 'YWExMGI1NzgwOTBkOGZkNjk4OTQzZjE5Y2E1YzJjMGQwY2RkNTZlOTp7Il9zZXNzaW9uX2V4cGlyeSI6MTB9', '2020-04-30 07:05:38.774849'),
('sew95vmrzgdmwpl31evj97s4e9qlvzwq', 'YWExMGI1NzgwOTBkOGZkNjk4OTQzZjE5Y2E1YzJjMGQwY2RkNTZlOTp7Il9zZXNzaW9uX2V4cGlyeSI6MTB9', '2020-04-29 05:24:44.372777'),
('sfvfjdlja0bd1z0nbbt854cma56jdvp6', 'MmNlYzBiOWQ2OWEwY2E5MmI1OThiZjg0NTE3NzgyYjRkZDY0NzA1ODp7Il9hdXRoX3VzZXJfaWQiOiIxIiwiX2F1dGhfdXNlcl9iYWNrZW5kIjoiZGphbmdvLmNvbnRyaWIuYXV0aC5iYWNrZW5kcy5Nb2RlbEJhY2tlbmQiLCJfYXV0aF91c2VyX2hhc2giOiI3N2JkMmIyOTg1ZTI2MDY1NzI2MzI4ZDg5ODNhNWExMGFjNTFkOGY4IiwiX3Nlc3Npb25fZXhwaXJ5IjoxMH0=', '2020-04-29 07:10:31.494904'),
('sq761jtv0cnkwg8gf7fccgcnq8t85yj5', 'YWExMGI1NzgwOTBkOGZkNjk4OTQzZjE5Y2E1YzJjMGQwY2RkNTZlOTp7Il9zZXNzaW9uX2V4cGlyeSI6MTB9', '2020-04-29 13:02:33.383028'),
('srs9gfejgrfilm69k39gxgdnqzf3ja2z', 'MmNlYzBiOWQ2OWEwY2E5MmI1OThiZjg0NTE3NzgyYjRkZDY0NzA1ODp7Il9hdXRoX3VzZXJfaWQiOiIxIiwiX2F1dGhfdXNlcl9iYWNrZW5kIjoiZGphbmdvLmNvbnRyaWIuYXV0aC5iYWNrZW5kcy5Nb2RlbEJhY2tlbmQiLCJfYXV0aF91c2VyX2hhc2giOiI3N2JkMmIyOTg1ZTI2MDY1NzI2MzI4ZDg5ODNhNWExMGFjNTFkOGY4IiwiX3Nlc3Npb25fZXhwaXJ5IjoxMH0=', '2020-05-01 13:01:31.608817'),
('syfmqz96bj0mnjgibduv6okojwckf152', 'YWExMGI1NzgwOTBkOGZkNjk4OTQzZjE5Y2E1YzJjMGQwY2RkNTZlOTp7Il9zZXNzaW9uX2V4cGlyeSI6MTB9', '2020-04-29 07:12:05.951625'),
('sypt7ibh9oe8n8ean322dk3obrzucob5', 'MmNlYzBiOWQ2OWEwY2E5MmI1OThiZjg0NTE3NzgyYjRkZDY0NzA1ODp7Il9hdXRoX3VzZXJfaWQiOiIxIiwiX2F1dGhfdXNlcl9iYWNrZW5kIjoiZGphbmdvLmNvbnRyaWIuYXV0aC5iYWNrZW5kcy5Nb2RlbEJhY2tlbmQiLCJfYXV0aF91c2VyX2hhc2giOiI3N2JkMmIyOTg1ZTI2MDY1NzI2MzI4ZDg5ODNhNWExMGFjNTFkOGY4IiwiX3Nlc3Npb25fZXhwaXJ5IjoxMH0=', '2020-05-01 09:17:07.148507'),
('t47arid8fdwtmzk82xtlgzikmupc1hbs', 'NTMzNjhhZjJjYWRiZDhlOGEwZTg3OTA5NDA2NzczM2I1ZDhmNDNhZDp7Il9zZXNzaW9uX2V4cGlyeSI6MTAsIl9hdXRoX3VzZXJfaWQiOiIxIiwiX2F1dGhfdXNlcl9iYWNrZW5kIjoiZGphbmdvLmNvbnRyaWIuYXV0aC5iYWNrZW5kcy5Nb2RlbEJhY2tlbmQiLCJfYXV0aF91c2VyX2hhc2giOiI3N2JkMmIyOTg1ZTI2MDY1NzI2MzI4ZDg5ODNhNWExMGFjNTFkOGY4In0=', '2020-05-01 08:02:32.977734'),
('t70jtx3zqrxtfpahyr0vyatcxa8qg1f1', 'YWExMGI1NzgwOTBkOGZkNjk4OTQzZjE5Y2E1YzJjMGQwY2RkNTZlOTp7Il9zZXNzaW9uX2V4cGlyeSI6MTB9', '2020-04-29 07:10:50.573246'),
('tm9wgr6gz2sjjo210ssjj50v2wkjl9lw', 'MmNlYzBiOWQ2OWEwY2E5MmI1OThiZjg0NTE3NzgyYjRkZDY0NzA1ODp7Il9hdXRoX3VzZXJfaWQiOiIxIiwiX2F1dGhfdXNlcl9iYWNrZW5kIjoiZGphbmdvLmNvbnRyaWIuYXV0aC5iYWNrZW5kcy5Nb2RlbEJhY2tlbmQiLCJfYXV0aF91c2VyX2hhc2giOiI3N2JkMmIyOTg1ZTI2MDY1NzI2MzI4ZDg5ODNhNWExMGFjNTFkOGY4IiwiX3Nlc3Npb25fZXhwaXJ5IjoxMH0=', '2020-04-29 05:25:59.164286'),
('u1zmrbfp7o9qcyg91to2v0t0fnh9bs74', 'MDFkOTdhZGY0ZGNjYTJmYzUxMmEwOGI5Y2Y2OGUyM2M1MDZiYTMwMjp7Il9hdXRoX3VzZXJfaWQiOiIxIiwiX2F1dGhfdXNlcl9iYWNrZW5kIjoiZGphbmdvLmNvbnRyaWIuYXV0aC5iYWNrZW5kcy5Nb2RlbEJhY2tlbmQiLCJfYXV0aF91c2VyX2hhc2giOiI3N2JkMmIyOTg1ZTI2MDY1NzI2MzI4ZDg5ODNhNWExMGFjNTFkOGY4In0=', '2020-05-18 14:19:23.305026'),
('ubybx7e1608069to4yetwgf0p7egcx47', 'YWExMGI1NzgwOTBkOGZkNjk4OTQzZjE5Y2E1YzJjMGQwY2RkNTZlOTp7Il9zZXNzaW9uX2V4cGlyeSI6MTB9', '2020-04-29 07:15:33.068056'),
('ujuzu5obrn9pwhldb6ueudwq7rwv794k', 'MmNlYzBiOWQ2OWEwY2E5MmI1OThiZjg0NTE3NzgyYjRkZDY0NzA1ODp7Il9hdXRoX3VzZXJfaWQiOiIxIiwiX2F1dGhfdXNlcl9iYWNrZW5kIjoiZGphbmdvLmNvbnRyaWIuYXV0aC5iYWNrZW5kcy5Nb2RlbEJhY2tlbmQiLCJfYXV0aF91c2VyX2hhc2giOiI3N2JkMmIyOTg1ZTI2MDY1NzI2MzI4ZDg5ODNhNWExMGFjNTFkOGY4IiwiX3Nlc3Npb25fZXhwaXJ5IjoxMH0=', '2020-04-29 07:11:38.196305'),
('ukz4vxfshhq29slirbnpdl4iksg9lnzk', 'MmNlYzBiOWQ2OWEwY2E5MmI1OThiZjg0NTE3NzgyYjRkZDY0NzA1ODp7Il9hdXRoX3VzZXJfaWQiOiIxIiwiX2F1dGhfdXNlcl9iYWNrZW5kIjoiZGphbmdvLmNvbnRyaWIuYXV0aC5iYWNrZW5kcy5Nb2RlbEJhY2tlbmQiLCJfYXV0aF91c2VyX2hhc2giOiI3N2JkMmIyOTg1ZTI2MDY1NzI2MzI4ZDg5ODNhNWExMGFjNTFkOGY4IiwiX3Nlc3Npb25fZXhwaXJ5IjoxMH0=', '2020-04-29 05:24:55.204176'),
('utkk4reynsi5dm879wntiivou33h803p', 'YWExMGI1NzgwOTBkOGZkNjk4OTQzZjE5Y2E1YzJjMGQwY2RkNTZlOTp7Il9zZXNzaW9uX2V4cGlyeSI6MTB9', '2020-04-29 12:59:47.496431'),
('uyihpk22hib22ev7sm2vbpprlul2v66e', 'NTMzNjhhZjJjYWRiZDhlOGEwZTg3OTA5NDA2NzczM2I1ZDhmNDNhZDp7Il9zZXNzaW9uX2V4cGlyeSI6MTAsIl9hdXRoX3VzZXJfaWQiOiIxIiwiX2F1dGhfdXNlcl9iYWNrZW5kIjoiZGphbmdvLmNvbnRyaWIuYXV0aC5iYWNrZW5kcy5Nb2RlbEJhY2tlbmQiLCJfYXV0aF91c2VyX2hhc2giOiI3N2JkMmIyOTg1ZTI2MDY1NzI2MzI4ZDg5ODNhNWExMGFjNTFkOGY4In0=', '2020-04-29 12:07:21.468630'),
('uz1ecimt8k9p87x6ettplxiz4ytvieb9', 'YWExMGI1NzgwOTBkOGZkNjk4OTQzZjE5Y2E1YzJjMGQwY2RkNTZlOTp7Il9zZXNzaW9uX2V4cGlyeSI6MTB9', '2020-04-30 07:05:27.738495'),
('uzday482whrnxrjc7wx84c934zrl7zss', 'YWExMGI1NzgwOTBkOGZkNjk4OTQzZjE5Y2E1YzJjMGQwY2RkNTZlOTp7Il9zZXNzaW9uX2V4cGlyeSI6MTB9', '2020-05-01 06:40:41.855578'),
('v83jwfgjkf34947o41ivmt5dpcv1fnt6', 'MmNlYzBiOWQ2OWEwY2E5MmI1OThiZjg0NTE3NzgyYjRkZDY0NzA1ODp7Il9hdXRoX3VzZXJfaWQiOiIxIiwiX2F1dGhfdXNlcl9iYWNrZW5kIjoiZGphbmdvLmNvbnRyaWIuYXV0aC5iYWNrZW5kcy5Nb2RlbEJhY2tlbmQiLCJfYXV0aF91c2VyX2hhc2giOiI3N2JkMmIyOTg1ZTI2MDY1NzI2MzI4ZDg5ODNhNWExMGFjNTFkOGY4IiwiX3Nlc3Npb25fZXhwaXJ5IjoxMH0=', '2020-04-30 07:07:44.047250'),
('vhk36ebf0tj6ysblvptpwdiavxudg8hm', 'MmNlYzBiOWQ2OWEwY2E5MmI1OThiZjg0NTE3NzgyYjRkZDY0NzA1ODp7Il9hdXRoX3VzZXJfaWQiOiIxIiwiX2F1dGhfdXNlcl9iYWNrZW5kIjoiZGphbmdvLmNvbnRyaWIuYXV0aC5iYWNrZW5kcy5Nb2RlbEJhY2tlbmQiLCJfYXV0aF91c2VyX2hhc2giOiI3N2JkMmIyOTg1ZTI2MDY1NzI2MzI4ZDg5ODNhNWExMGFjNTFkOGY4IiwiX3Nlc3Npb25fZXhwaXJ5IjoxMH0=', '2020-04-30 07:06:03.268503'),
('vjbb76n703dqsdjuetjtdayoa48ia7w6', 'ZjM5ZjI1YWZjNjYxNjhhNmRjMTBkNWIyZThhYzU0MzJkZGJjMjIwNDp7Il9zZXNzaW9uX2V4cGlyeSI6MzAwLCJfYXV0aF91c2VyX2lkIjoiMSIsIl9hdXRoX3VzZXJfYmFja2VuZCI6ImRqYW5nby5jb250cmliLmF1dGguYmFja2VuZHMuTW9kZWxCYWNrZW5kIiwiX2F1dGhfdXNlcl9oYXNoIjoiNzdiZDJiMjk4NWUyNjA2NTcyNjMyOGQ4OTgzYTVhMTBhYzUxZDhmOCJ9', '2020-05-14 15:07:19.855036'),
('vowkkqhvdnsu5nhrfivvihk8eqpy8mdf', 'MmNlYzBiOWQ2OWEwY2E5MmI1OThiZjg0NTE3NzgyYjRkZDY0NzA1ODp7Il9hdXRoX3VzZXJfaWQiOiIxIiwiX2F1dGhfdXNlcl9iYWNrZW5kIjoiZGphbmdvLmNvbnRyaWIuYXV0aC5iYWNrZW5kcy5Nb2RlbEJhY2tlbmQiLCJfYXV0aF91c2VyX2hhc2giOiI3N2JkMmIyOTg1ZTI2MDY1NzI2MzI4ZDg5ODNhNWExMGFjNTFkOGY4IiwiX3Nlc3Npb25fZXhwaXJ5IjoxMH0=', '2020-04-29 06:21:22.508503'),
('vq9nbazag8e2ci1145qnezzjally0593', 'YWExMGI1NzgwOTBkOGZkNjk4OTQzZjE5Y2E1YzJjMGQwY2RkNTZlOTp7Il9zZXNzaW9uX2V4cGlyeSI6MTB9', '2020-04-29 05:25:44.362956'),
('w0m7tmztgb0fp9yyg5rwzrfa80d0zz9p', 'MmNlYzBiOWQ2OWEwY2E5MmI1OThiZjg0NTE3NzgyYjRkZDY0NzA1ODp7Il9hdXRoX3VzZXJfaWQiOiIxIiwiX2F1dGhfdXNlcl9iYWNrZW5kIjoiZGphbmdvLmNvbnRyaWIuYXV0aC5iYWNrZW5kcy5Nb2RlbEJhY2tlbmQiLCJfYXV0aF91c2VyX2hhc2giOiI3N2JkMmIyOTg1ZTI2MDY1NzI2MzI4ZDg5ODNhNWExMGFjNTFkOGY4IiwiX3Nlc3Npb25fZXhwaXJ5IjoxMH0=', '2020-04-30 07:09:04.100178'),
('w4kp3ba1bsy4ukahbtewf6vc2204srjx', 'Y2M4N2JkODVkYjUwYzlhYjYyNGE5ODZiOWU0YzM4ZTY5OTdhNjkzNTp7fQ==', '2020-05-15 07:58:43.487810'),
('w4nt85pthwaq4cocjpqy29559l8lee0u', 'MmNlYzBiOWQ2OWEwY2E5MmI1OThiZjg0NTE3NzgyYjRkZDY0NzA1ODp7Il9hdXRoX3VzZXJfaWQiOiIxIiwiX2F1dGhfdXNlcl9iYWNrZW5kIjoiZGphbmdvLmNvbnRyaWIuYXV0aC5iYWNrZW5kcy5Nb2RlbEJhY2tlbmQiLCJfYXV0aF91c2VyX2hhc2giOiI3N2JkMmIyOTg1ZTI2MDY1NzI2MzI4ZDg5ODNhNWExMGFjNTFkOGY4IiwiX3Nlc3Npb25fZXhwaXJ5IjoxMH0=', '2020-04-29 05:26:40.348583'),
('w62qj3jzaoco8qyd2we9yaw003271k2b', 'YWExMGI1NzgwOTBkOGZkNjk4OTQzZjE5Y2E1YzJjMGQwY2RkNTZlOTp7Il9zZXNzaW9uX2V4cGlyeSI6MTB9', '2020-04-29 06:24:19.377205'),
('w6ovk6np1ozav82s3ehxia7v0p6t8nwn', 'ZGU3OWI0MTAwMGI3MWE0ZjkwNDNiNDBhMmJlYzYxNjYzMTE0ODBlYTp7Il9hdXRoX3VzZXJfaWQiOiIxIiwiX2F1dGhfdXNlcl9iYWNrZW5kIjoiZGphbmdvLmNvbnRyaWIuYXV0aC5iYWNrZW5kcy5Nb2RlbEJhY2tlbmQiLCJfYXV0aF91c2VyX2hhc2giOiI3N2JkMmIyOTg1ZTI2MDY1NzI2MzI4ZDg5ODNhNWExMGFjNTFkOGY4IiwiX3Nlc3Npb25fZXhwaXJ5IjozMDB9', '2020-05-14 17:12:28.928414'),
('w9vum1tgoyaq6l6exlw51cdpzeutot0m', 'MmNlYzBiOWQ2OWEwY2E5MmI1OThiZjg0NTE3NzgyYjRkZDY0NzA1ODp7Il9hdXRoX3VzZXJfaWQiOiIxIiwiX2F1dGhfdXNlcl9iYWNrZW5kIjoiZGphbmdvLmNvbnRyaWIuYXV0aC5iYWNrZW5kcy5Nb2RlbEJhY2tlbmQiLCJfYXV0aF91c2VyX2hhc2giOiI3N2JkMmIyOTg1ZTI2MDY1NzI2MzI4ZDg5ODNhNWExMGFjNTFkOGY4IiwiX3Nlc3Npb25fZXhwaXJ5IjoxMH0=', '2020-05-01 15:24:26.147635'),
('wgv46a4vrafr2haydmihpg00kzil42j1', 'YWExMGI1NzgwOTBkOGZkNjk4OTQzZjE5Y2E1YzJjMGQwY2RkNTZlOTp7Il9zZXNzaW9uX2V4cGlyeSI6MTB9', '2020-04-29 12:09:28.170933'),
('wsiw4cs3fny0tia2uwwbpf5r89jkjcz1', 'MmNlYzBiOWQ2OWEwY2E5MmI1OThiZjg0NTE3NzgyYjRkZDY0NzA1ODp7Il9hdXRoX3VzZXJfaWQiOiIxIiwiX2F1dGhfdXNlcl9iYWNrZW5kIjoiZGphbmdvLmNvbnRyaWIuYXV0aC5iYWNrZW5kcy5Nb2RlbEJhY2tlbmQiLCJfYXV0aF91c2VyX2hhc2giOiI3N2JkMmIyOTg1ZTI2MDY1NzI2MzI4ZDg5ODNhNWExMGFjNTFkOGY4IiwiX3Nlc3Npb25fZXhwaXJ5IjoxMH0=', '2020-04-29 13:13:18.266701'),
('wzwqyj3gi61phv904dazsip2kf1t0357', 'YWExMGI1NzgwOTBkOGZkNjk4OTQzZjE5Y2E1YzJjMGQwY2RkNTZlOTp7Il9zZXNzaW9uX2V4cGlyeSI6MTB9', '2020-04-29 07:42:51.522213'),
('x4aqu926owbj6dg833hnomk36uly3rsm', 'NTMzNjhhZjJjYWRiZDhlOGEwZTg3OTA5NDA2NzczM2I1ZDhmNDNhZDp7Il9zZXNzaW9uX2V4cGlyeSI6MTAsIl9hdXRoX3VzZXJfaWQiOiIxIiwiX2F1dGhfdXNlcl9iYWNrZW5kIjoiZGphbmdvLmNvbnRyaWIuYXV0aC5iYWNrZW5kcy5Nb2RlbEJhY2tlbmQiLCJfYXV0aF91c2VyX2hhc2giOiI3N2JkMmIyOTg1ZTI2MDY1NzI2MzI4ZDg5ODNhNWExMGFjNTFkOGY4In0=', '2020-04-29 07:19:15.367869'),
('x6aaywdwkw5kxxsxqgbui4f6xm7jvx7u', 'YWExMGI1NzgwOTBkOGZkNjk4OTQzZjE5Y2E1YzJjMGQwY2RkNTZlOTp7Il9zZXNzaW9uX2V4cGlyeSI6MTB9', '2020-04-29 05:33:39.318249'),
('xeorj8wfty6xin87yjmxslaaf6j4blqg', 'YWExMGI1NzgwOTBkOGZkNjk4OTQzZjE5Y2E1YzJjMGQwY2RkNTZlOTp7Il9zZXNzaW9uX2V4cGlyeSI6MTB9', '2020-04-29 07:08:53.874869'),
('xkrqg147vx1lmk27z08mpz7bz0v45w0a', 'MmNlYzBiOWQ2OWEwY2E5MmI1OThiZjg0NTE3NzgyYjRkZDY0NzA1ODp7Il9hdXRoX3VzZXJfaWQiOiIxIiwiX2F1dGhfdXNlcl9iYWNrZW5kIjoiZGphbmdvLmNvbnRyaWIuYXV0aC5iYWNrZW5kcy5Nb2RlbEJhY2tlbmQiLCJfYXV0aF91c2VyX2hhc2giOiI3N2JkMmIyOTg1ZTI2MDY1NzI2MzI4ZDg5ODNhNWExMGFjNTFkOGY4IiwiX3Nlc3Npb25fZXhwaXJ5IjoxMH0=', '2020-04-29 07:44:47.846974'),
('y2nu1j3as6g3mopdouoikwnotezryw9d', 'YWExMGI1NzgwOTBkOGZkNjk4OTQzZjE5Y2E1YzJjMGQwY2RkNTZlOTp7Il9zZXNzaW9uX2V4cGlyeSI6MTB9', '2020-05-01 16:12:27.066522'),
('y4qoj9lk9j4jymppc0fgpfu5lrx76kjj', 'YWExMGI1NzgwOTBkOGZkNjk4OTQzZjE5Y2E1YzJjMGQwY2RkNTZlOTp7Il9zZXNzaW9uX2V4cGlyeSI6MTB9', '2020-04-29 09:33:36.499128'),
('yj3lpau4dmyw4zgdb3rm37w72s2obuzy', 'YWExMGI1NzgwOTBkOGZkNjk4OTQzZjE5Y2E1YzJjMGQwY2RkNTZlOTp7Il9zZXNzaW9uX2V4cGlyeSI6MTB9', '2020-04-29 05:33:26.798839'),
('ypx0ms8jcbdtaipzvnidk6op3r1yt3jm', 'NTMzNjhhZjJjYWRiZDhlOGEwZTg3OTA5NDA2NzczM2I1ZDhmNDNhZDp7Il9zZXNzaW9uX2V4cGlyeSI6MTAsIl9hdXRoX3VzZXJfaWQiOiIxIiwiX2F1dGhfdXNlcl9iYWNrZW5kIjoiZGphbmdvLmNvbnRyaWIuYXV0aC5iYWNrZW5kcy5Nb2RlbEJhY2tlbmQiLCJfYXV0aF91c2VyX2hhc2giOiI3N2JkMmIyOTg1ZTI2MDY1NzI2MzI4ZDg5ODNhNWExMGFjNTFkOGY4In0=', '2020-05-01 09:18:32.955187'),
('z4njqxon6ywoxnbcdkk2yhz29vsbtujd', 'NTMzNjhhZjJjYWRiZDhlOGEwZTg3OTA5NDA2NzczM2I1ZDhmNDNhZDp7Il9zZXNzaW9uX2V4cGlyeSI6MTAsIl9hdXRoX3VzZXJfaWQiOiIxIiwiX2F1dGhfdXNlcl9iYWNrZW5kIjoiZGphbmdvLmNvbnRyaWIuYXV0aC5iYWNrZW5kcy5Nb2RlbEJhY2tlbmQiLCJfYXV0aF91c2VyX2hhc2giOiI3N2JkMmIyOTg1ZTI2MDY1NzI2MzI4ZDg5ODNhNWExMGFjNTFkOGY4In0=', '2020-04-29 07:04:35.849851'),
('z8z0shioxrz88jgpf5ijbevsdzgiivwr', 'MmNlYzBiOWQ2OWEwY2E5MmI1OThiZjg0NTE3NzgyYjRkZDY0NzA1ODp7Il9hdXRoX3VzZXJfaWQiOiIxIiwiX2F1dGhfdXNlcl9iYWNrZW5kIjoiZGphbmdvLmNvbnRyaWIuYXV0aC5iYWNrZW5kcy5Nb2RlbEJhY2tlbmQiLCJfYXV0aF91c2VyX2hhc2giOiI3N2JkMmIyOTg1ZTI2MDY1NzI2MzI4ZDg5ODNhNWExMGFjNTFkOGY4IiwiX3Nlc3Npb25fZXhwaXJ5IjoxMH0=', '2020-04-29 09:32:18.733108'),
('zir0makwiuppb8w5s1v2al0xpfkc5wfl', 'YWExMGI1NzgwOTBkOGZkNjk4OTQzZjE5Y2E1YzJjMGQwY2RkNTZlOTp7Il9zZXNzaW9uX2V4cGlyeSI6MTB9', '2020-04-29 05:27:09.658244');

-- --------------------------------------------------------

--
-- Table structure for table `users_profile`
--

CREATE TABLE `users_profile` (
  `id` int(11) NOT NULL,
  `image` varchar(100) NOT NULL,
  `user_id` int(11) NOT NULL
) ENGINE=InnoDB DEFAULT CHARSET=latin1;

--
-- Dumping data for table `users_profile`
--

INSERT INTO `users_profile` (`id`, `image`, `user_id`) VALUES
(2, 'profiles_pics/pic_URhwX1g.jpg', 1),
(3, 'profiles_pics/default.jpg', 5),
(4, 'default.jpg', 6),
(5, 'default.jpg', 7),
(6, 'default.jpg', 14),
(7, 'default.jpg', 15),
(8, 'default.jpg', 16),
(9, 'default.jpg', 17),
(10, 'default.jpg', 18),
(11, 'default.jpg', 19);

--
-- Indexes for dumped tables
--

--
-- Indexes for table `accounts_comment`
--
ALTER TABLE `accounts_comment`
  ADD PRIMARY KEY (`id`),
  ADD KEY `accounts_comment_post_id_ec70cba5_fk_accounts_post_id` (`post_id`),
  ADD KEY `accounts_comment_user_id_7847fb99_fk_auth_user_id` (`user_id`);

--
-- Indexes for table `accounts_post`
--
ALTER TABLE `accounts_post`
  ADD PRIMARY KEY (`id`),
  ADD KEY `accounts_post_author_id_e63fc71d_fk_auth_user_id` (`author_id`);

--
-- Indexes for table `accounts_post_likes`
--
ALTER TABLE `accounts_post_likes`
  ADD PRIMARY KEY (`id`),
  ADD UNIQUE KEY `accounts_post_likes_post_id_user_id_c90f2004_uniq` (`post_id`,`user_id`),
  ADD KEY `accounts_post_likes_user_id_bdc40f4d_fk_auth_user_id` (`user_id`);

--
-- Indexes for table `auth_group`
--
ALTER TABLE `auth_group`
  ADD PRIMARY KEY (`id`),
  ADD UNIQUE KEY `name` (`name`);

--
-- Indexes for table `auth_group_permissions`
--
ALTER TABLE `auth_group_permissions`
  ADD PRIMARY KEY (`id`),
  ADD UNIQUE KEY `auth_group_permissions_group_id_permission_id_0cd325b0_uniq` (`group_id`,`permission_id`),
  ADD KEY `auth_group_permissio_permission_id_84c5c92e_fk_auth_perm` (`permission_id`);

--
-- Indexes for table `auth_permission`
--
ALTER TABLE `auth_permission`
  ADD PRIMARY KEY (`id`),
  ADD UNIQUE KEY `auth_permission_content_type_id_codename_01ab375a_uniq` (`content_type_id`,`codename`);

--
-- Indexes for table `auth_user`
--
ALTER TABLE `auth_user`
  ADD PRIMARY KEY (`id`),
  ADD UNIQUE KEY `username` (`username`);

--
-- Indexes for table `auth_user_groups`
--
ALTER TABLE `auth_user_groups`
  ADD PRIMARY KEY (`id`),
  ADD UNIQUE KEY `auth_user_groups_user_id_group_id_94350c0c_uniq` (`user_id`,`group_id`),
  ADD KEY `auth_user_groups_group_id_97559544_fk_auth_group_id` (`group_id`);

--
-- Indexes for table `auth_user_user_permissions`
--
ALTER TABLE `auth_user_user_permissions`
  ADD PRIMARY KEY (`id`),
  ADD UNIQUE KEY `auth_user_user_permissions_user_id_permission_id_14a6b632_uniq` (`user_id`,`permission_id`),
  ADD KEY `auth_user_user_permi_permission_id_1fbb5f2c_fk_auth_perm` (`permission_id`);

--
-- Indexes for table `django_admin_log`
--
ALTER TABLE `django_admin_log`
  ADD PRIMARY KEY (`id`),
  ADD KEY `django_admin_log_content_type_id_c4bce8eb_fk_django_co` (`content_type_id`),
  ADD KEY `django_admin_log_user_id_c564eba6_fk_auth_user_id` (`user_id`);

--
-- Indexes for table `django_content_type`
--
ALTER TABLE `django_content_type`
  ADD PRIMARY KEY (`id`),
  ADD UNIQUE KEY `django_content_type_app_label_model_76bd3d3b_uniq` (`app_label`,`model`);

--
-- Indexes for table `django_migrations`
--
ALTER TABLE `django_migrations`
  ADD PRIMARY KEY (`id`);

--
-- Indexes for table `django_session`
--
ALTER TABLE `django_session`
  ADD PRIMARY KEY (`session_key`),
  ADD KEY `django_session_expire_date_a5c62663` (`expire_date`);

--
-- Indexes for table `users_profile`
--
ALTER TABLE `users_profile`
  ADD PRIMARY KEY (`id`),
  ADD UNIQUE KEY `user_id` (`user_id`);

--
-- AUTO_INCREMENT for dumped tables
--

--
-- AUTO_INCREMENT for table `accounts_comment`
--
ALTER TABLE `accounts_comment`
  MODIFY `id` int(11) NOT NULL AUTO_INCREMENT, AUTO_INCREMENT=9;

--
-- AUTO_INCREMENT for table `accounts_post`
--
ALTER TABLE `accounts_post`
  MODIFY `id` int(11) NOT NULL AUTO_INCREMENT, AUTO_INCREMENT=10;

--
-- AUTO_INCREMENT for table `accounts_post_likes`
--
ALTER TABLE `accounts_post_likes`
  MODIFY `id` int(11) NOT NULL AUTO_INCREMENT, AUTO_INCREMENT=32;

--
-- AUTO_INCREMENT for table `auth_group`
--
ALTER TABLE `auth_group`
  MODIFY `id` int(11) NOT NULL AUTO_INCREMENT;

--
-- AUTO_INCREMENT for table `auth_group_permissions`
--
ALTER TABLE `auth_group_permissions`
  MODIFY `id` int(11) NOT NULL AUTO_INCREMENT;

--
-- AUTO_INCREMENT for table `auth_permission`
--
ALTER TABLE `auth_permission`
  MODIFY `id` int(11) NOT NULL AUTO_INCREMENT, AUTO_INCREMENT=41;

--
-- AUTO_INCREMENT for table `auth_user`
--
ALTER TABLE `auth_user`
  MODIFY `id` int(11) NOT NULL AUTO_INCREMENT, AUTO_INCREMENT=20;

--
-- AUTO_INCREMENT for table `auth_user_groups`
--
ALTER TABLE `auth_user_groups`
  MODIFY `id` int(11) NOT NULL AUTO_INCREMENT;

--
-- AUTO_INCREMENT for table `auth_user_user_permissions`
--
ALTER TABLE `auth_user_user_permissions`
  MODIFY `id` int(11) NOT NULL AUTO_INCREMENT;

--
-- AUTO_INCREMENT for table `django_admin_log`
--
ALTER TABLE `django_admin_log`
  MODIFY `id` int(11) NOT NULL AUTO_INCREMENT, AUTO_INCREMENT=13;

--
-- AUTO_INCREMENT for table `django_content_type`
--
ALTER TABLE `django_content_type`
  MODIFY `id` int(11) NOT NULL AUTO_INCREMENT, AUTO_INCREMENT=11;

--
-- AUTO_INCREMENT for table `django_migrations`
--
ALTER TABLE `django_migrations`
  MODIFY `id` int(11) NOT NULL AUTO_INCREMENT, AUTO_INCREMENT=28;

--
-- AUTO_INCREMENT for table `users_profile`
--
ALTER TABLE `users_profile`
  MODIFY `id` int(11) NOT NULL AUTO_INCREMENT, AUTO_INCREMENT=12;

--
-- Constraints for dumped tables
--

--
-- Constraints for table `accounts_comment`
--
ALTER TABLE `accounts_comment`
  ADD CONSTRAINT `accounts_comment_post_id_ec70cba5_fk_accounts_post_id` FOREIGN KEY (`post_id`) REFERENCES `accounts_post` (`id`),
  ADD CONSTRAINT `accounts_comment_user_id_7847fb99_fk_auth_user_id` FOREIGN KEY (`user_id`) REFERENCES `auth_user` (`id`);

--
-- Constraints for table `accounts_post`
--
ALTER TABLE `accounts_post`
  ADD CONSTRAINT `accounts_post_author_id_e63fc71d_fk_auth_user_id` FOREIGN KEY (`author_id`) REFERENCES `auth_user` (`id`);

--
-- Constraints for table `accounts_post_likes`
--
ALTER TABLE `accounts_post_likes`
  ADD CONSTRAINT `accounts_post_likes_post_id_664dc8d9_fk_accounts_post_id` FOREIGN KEY (`post_id`) REFERENCES `accounts_post` (`id`),
  ADD CONSTRAINT `accounts_post_likes_user_id_bdc40f4d_fk_auth_user_id` FOREIGN KEY (`user_id`) REFERENCES `auth_user` (`id`);

--
-- Constraints for table `auth_group_permissions`
--
ALTER TABLE `auth_group_permissions`
  ADD CONSTRAINT `auth_group_permissio_permission_id_84c5c92e_fk_auth_perm` FOREIGN KEY (`permission_id`) REFERENCES `auth_permission` (`id`),
  ADD CONSTRAINT `auth_group_permissions_group_id_b120cbf9_fk_auth_group_id` FOREIGN KEY (`group_id`) REFERENCES `auth_group` (`id`);

--
-- Constraints for table `auth_permission`
--
ALTER TABLE `auth_permission`
  ADD CONSTRAINT `auth_permission_content_type_id_2f476e4b_fk_django_co` FOREIGN KEY (`content_type_id`) REFERENCES `django_content_type` (`id`);

--
-- Constraints for table `auth_user_groups`
--
ALTER TABLE `auth_user_groups`
  ADD CONSTRAINT `auth_user_groups_group_id_97559544_fk_auth_group_id` FOREIGN KEY (`group_id`) REFERENCES `auth_group` (`id`),
  ADD CONSTRAINT `auth_user_groups_user_id_6a12ed8b_fk_auth_user_id` FOREIGN KEY (`user_id`) REFERENCES `auth_user` (`id`);

--
-- Constraints for table `auth_user_user_permissions`
--
ALTER TABLE `auth_user_user_permissions`
  ADD CONSTRAINT `auth_user_user_permi_permission_id_1fbb5f2c_fk_auth_perm` FOREIGN KEY (`permission_id`) REFERENCES `auth_permission` (`id`),
  ADD CONSTRAINT `auth_user_user_permissions_user_id_a95ead1b_fk_auth_user_id` FOREIGN KEY (`user_id`) REFERENCES `auth_user` (`id`);

--
-- Constraints for table `django_admin_log`
--
ALTER TABLE `django_admin_log`
  ADD CONSTRAINT `django_admin_log_content_type_id_c4bce8eb_fk_django_co` FOREIGN KEY (`content_type_id`) REFERENCES `django_content_type` (`id`),
  ADD CONSTRAINT `django_admin_log_user_id_c564eba6_fk_auth_user_id` FOREIGN KEY (`user_id`) REFERENCES `auth_user` (`id`);

--
-- Constraints for table `users_profile`
--
ALTER TABLE `users_profile`
  ADD CONSTRAINT `users_profile_user_id_2112e78d_fk_auth_user_id` FOREIGN KEY (`user_id`) REFERENCES `auth_user` (`id`);
COMMIT;

/*!40101 SET CHARACTER_SET_CLIENT=@OLD_CHARACTER_SET_CLIENT */;
/*!40101 SET CHARACTER_SET_RESULTS=@OLD_CHARACTER_SET_RESULTS */;
/*!40101 SET COLLATION_CONNECTION=@OLD_COLLATION_CONNECTION */;
